label	labeled
Business	True
Sci/Tech	True
World	True
Business	True
Business	True
Sports	True
Sci/Tech	True
Business	True
Sports	True
Sports	True
Sci/Tech	True
Business	True
Sports	True
World	True
Sports	True
Business	True
Sci/Tech	True
Sports	True
World	True
Business	True
World	True
Sports	True
Sports	True
Sports	True
Sci/Tech	True
World	True
Sci/Tech	True
Business	True
Business	True
Sports	True
Business	True
Sports	True
Business	True
Sports	True
Business	True
Business	True
World	True
Business	True
World	True
World	True
World	True
Sports	True
Business	True
World	True
Sports	True
Sports	True
Business	True
Sci/Tech	True
Business	True
World	True
Sci/Tech	True
Business	True
Sports	True
Business	True
Sci/Tech	True
Sci/Tech	True
Sports	True
Sci/Tech	True
Business	True
Sports	True
Sports	True
Sci/Tech	True
Sports	True
Sci/Tech	True
Sports	True
Sci/Tech	True
Business	True
World	True
Business	True
Sports	True
Sci/Tech	True
World	True
Sports	True
Sci/Tech	True
Business	True
Sci/Tech	True
Sports	True
Business	True
World	True
Business	True
World	True
Sports	True
Sci/Tech	True
Business	True
Sci/Tech	True
Sci/Tech	True
World	True
Business	True
Sci/Tech	True
Sci/Tech	True
Business	True
Sports	True
World	True
Sci/Tech	True
Business	True
World	True
Sports	True
World	True
Sports	True
Sci/Tech	True
World	True
World	True
Sports	True
World	True
World	True
Sci/Tech	True
Business	True
Business	True
Sci/Tech	True
Sci/Tech	True
Business	True
World	True
World	True
Sci/Tech	True
Sci/Tech	True
Sci/Tech	True
Sci/Tech	True
Business	True
Business	True
Sci/Tech	True
World	True
Business	True
World	True
Sci/Tech	True
Sci/Tech	True
World	True
World	True
Business	True
Sports	True
Business	True
Sci/Tech	True
Sci/Tech	True
World	True
Business	True
Business	True
Sci/Tech	True
Sports	True
Sci/Tech	True
World	True
Sci/Tech	True
Business	True
Sci/Tech	True
Sports	True
Business	True
Sci/Tech	True
Sci/Tech	True
Sci/Tech	True
Sci/Tech	True
World	True
Sci/Tech	True
Business	True
Sci/Tech	True
Sci/Tech	True
World	True
Sci/Tech	True
Sci/Tech	True
Business	True
Sci/Tech	True
Business	True
Sci/Tech	True
Sci/Tech	True
Sci/Tech	True
World	True
Business	True
Business	True
Business	True
Business	True
World	True
Business	True
Business	True
Sci/Tech	True
Sports	True
World	True
World	True
World	True
Sci/Tech	True
Business	True
Business	True
Business	True
Sci/Tech	True
Sci/Tech	True
Business	True
Business	True
Business	True
Business	True
Sports	True
Business	True
Sci/Tech	True
Sci/Tech	True
World	True
World	True
Sports	True
Sci/Tech	True
Sports	True
Business	True
Sports	True
Sports	True
World	True
Business	True
World	True
Business	True
Sci/Tech	True
World	True
Sports	True
Business	True
Sports	True
World	True
Sci/Tech	True
Sci/Tech	True
Sports	True
Sports	True
Sports	True
Sci/Tech	True
Sci/Tech	True
Sports	True
Sports	True
World	True
World	True
World	True
World	True
Sports	True
Business	True
World	True
Sci/Tech	True
Sports	True
Business	True
Sports	True
Business	True
Business	True
Business	True
Business	True
World	True
Business	True
Sci/Tech	True
Sci/Tech	True
Sports	True
Business	True
World	True
Business	True
Sci/Tech	True
Sci/Tech	True
Business	True
World	True
Sci/Tech	True
Sports	True
World	True
World	True
Sports	True
World	True
Business	True
Sports	True
Business	True
Sports	True
Sports	True
World	True
Sci/Tech	True
World	True
Sci/Tech	True
Sci/Tech	True
Sci/Tech	True
Business	True
World	True
Sci/Tech	True
Sports	True
World	True
Sports	True
Sci/Tech	True
Sports	True
Sci/Tech	True
Business	True
World	True
Sports	True
Business	True
Business	True
Sci/Tech	True
Sci/Tech	True
Sci/Tech	True
World	True
Sports	True
World	True
Business	True
Business	True
World	True
Sports	True
World	True
Business	True
Sci/Tech	True
Business	True
Sci/Tech	True
Sports	True
Sports	True
Business	True
Sci/Tech	True
Business	True
Sports	True
Sports	True
World	True
Sci/Tech	True
World	True
Business	True
World	True
Sports	True
Sci/Tech	True
World	True
Sports	True
Business	True
Business	True
World	True
Sports	True
Business	True
Sci/Tech	True
World	True
Business	True
Business	True
Business	True
Sci/Tech	True
Sports	True
Business	True
Sports	True
Sports	True
Sci/Tech	True
Sci/Tech	True
Sports	True
World	True
Sports	True
Business	True
Sci/Tech	True
Sci/Tech	True
Business	True
Sci/Tech	True
Business	True
World	True
Sports	True
Business	True
Business	True
Sports	True
Sports	True
World	True
World	True
World	True
World	True
Sci/Tech	True
Sports	True
World	True
World	True
Sci/Tech	True
Business	True
World	True
Sci/Tech	True
Sports	True
Business	True
Sci/Tech	True
Business	True
Sci/Tech	True
Sports	True
Business	True
Business	True
Sports	True
Sports	True
World	True
Sports	True
World	True
Sports	True
World	True
Sci/Tech	True
Sci/Tech	True
Sports	True
Sci/Tech	True
World	True
Sci/Tech	True
Sci/Tech	True
World	True
Sports	True
World	True
Business	True
Business	True
World	True
Sports	True
Business	True
World	True
Sci/Tech	True
World	True
Sci/Tech	True
Business	True
Business	True
Sci/Tech	True
Business	True
World	True
Sci/Tech	True
Business	True
World	True
Sports	True
Sports	True
Business	True
World	True
Sci/Tech	True
Sports	True
Sports	True
Business	True
World	True
World	True
Sports	True
World	True
Business	True
Business	True
Sci/Tech	True
World	True
Business	True
Sports	True
Sci/Tech	True
Sci/Tech	True
Sports	True
Business	True
World	True
Sports	True
Sci/Tech	True
World	True
Sports	True
Sports	True
Sports	True
World	True
World	True
Sci/Tech	True
World	True
World	True
Business	True
Sci/Tech	True
Sci/Tech	True
Sports	True
World	True
Sports	True
World	True
Sports	True
Sci/Tech	True
Sci/Tech	True
Business	True
World	True
Sports	True
World	True
World	True
Business	True
Sports	True
Sci/Tech	True
Business	True
Business	True
Sci/Tech	True
Sci/Tech	True
World	True
Business	True
World	True
Sports	True
Business	True
Business	True
Sports	True
Sci/Tech	True
Sports	True
World	True
Sci/Tech	True
Sci/Tech	True
Sci/Tech	True
Business	True
Business	True
Sci/Tech	True
World	True
Sports	True
Sci/Tech	True
Sports	True
World	True
Sci/Tech	True
Sports	True
Sci/Tech	True
Sci/Tech	True
World	True
Sci/Tech	True
Sci/Tech	True
Sports	True
Sci/Tech	True
Sci/Tech	True
World	True
Sci/Tech	True
World	True
Business	True
Business	True
Sports	True
Sports	True
World	True
Sports	True
World	True
Sci/Tech	True
Sports	True
World	True
Sci/Tech	True
Sports	True
World	True
Business	True
Sports	True
World	True
Sports	True
Sci/Tech	True
Sports	True
World	True
World	True
Sci/Tech	True
World	True
World	True
World	True
Sci/Tech	True
Sci/Tech	True
Sci/Tech	True
Sports	True
Sci/Tech	True
World	True
World	True
Business	True
Sports	True
Sci/Tech	True
Sci/Tech	True
Sci/Tech	True
Business	True
Sci/Tech	True
World	True
Sports	True
Sports	True
Sci/Tech	True
Sports	True
Sci/Tech	True
Sports	True
Sci/Tech	True
Business	True
World	True
World	True
World	True
World	True
Business	True
Sci/Tech	True
Sports	True
Sports	True
World	True
Business	True
Business	True
World	True
World	True
Business	True
Sports	True
Sports	True
World	True
Sports	True
Sports	True
Business	True
World	True
Sports	True
Sci/Tech	True
Business	True
Business	True
World	True
Sports	True
Business	True
World	True
World	True
Sports	True
Business	True
Sci/Tech	True
World	True
World	True
Sports	True
World	True
Sports	True
Sports	True
World	True
Sci/Tech	True
Sports	True
Business	True
Sci/Tech	True
World	True
Sports	True
World	True
World	True
Sports	True
Sci/Tech	True
Business	True
Sci/Tech	True
World	True
Sports	True
Business	True
Business	True
Business	True
Business	True
World	True
World	True
Sports	True
Sci/Tech	True
Business	True
World	True
Sci/Tech	True
Sci/Tech	True
Sports	True
Sports	True
World	True
Business	True
Business	True
Sports	True
Business	True
World	True
Sci/Tech	True
Sci/Tech	True
Business	True
Business	True
Sports	True
Business	True
World	True
Sci/Tech	True
Sports	True
Business	True
World	True
World	True
Business	True
World	True
Sports	True
World	True
Sci/Tech	True
Sports	True
Sci/Tech	True
Sports	True
Business	True
World	True
Sports	True
Sci/Tech	True
Business	True
Sports	True
World	True
World	True
Sports	True
Business	True
Business	True
Sports	True
Sci/Tech	True
Business	True
World	True
Sports	True
Business	True
Business	True
World	True
Sci/Tech	True
Sci/Tech	True
Business	True
Business	True
World	True
Sci/Tech	True
Business	True
Sci/Tech	True
Sports	True
Sports	True
Sports	True
World	True
Sci/Tech	True
Business	True
Sports	True
Business	True
Business	True
World	True
Sci/Tech	True
Sports	True
Business	True
Sports	True
Sci/Tech	True
Business	True
Sports	True
World	True
Business	True
Business	True
Sci/Tech	True
World	True
Sports	True
Sports	True
Business	True
World	True
Sci/Tech	True
Business	True
Sci/Tech	True
Business	True
World	True
World	True
Sci/Tech	True
World	True
Sci/Tech	True
Sports	True
World	True
Sports	True
Business	True
Sci/Tech	True
World	True
Sports	True
Business	True
World	True
Sci/Tech	True
Business	True
Sports	True
Sci/Tech	True
Sci/Tech	True
World	True
Sports	True
Sports	True
Sports	True
World	True
Sci/Tech	True
Sci/Tech	True
World	True
World	True
Business	True
Business	True
Sports	True
Sci/Tech	True
Sports	True
Business	True
Sci/Tech	True
Sci/Tech	True
World	True
Sports	True
World	True
Sci/Tech	True
Business	True
Business	True
Business	True
Sports	True
Business	True
World	True
World	True
Sci/Tech	True
Business	True
Sci/Tech	True
World	True
Sports	True
World	True
Sports	True
Sports	True
Business	True
Business	True
Business	True
Business	True
World	True
Business	True
Business	True
Sports	True
Sports	True
Sports	True
Sci/Tech	True
Sci/Tech	True
Sci/Tech	True
World	True
Sci/Tech	True
Business	True
Business	True
Sci/Tech	True
World	True
Business	True
World	True
Business	True
World	True
World	True
Sports	True
World	True
Business	True
Sci/Tech	True
World	True
World	True
Sports	True
World	True
Business	True
World	True
Sports	True
Sports	True
Sports	True
Sports	True
Sports	True
World	True
Business	True
Sci/Tech	True
Sci/Tech	True
World	True
Business	True
Sports	True
Sci/Tech	True
Business	True
Sports	True
Business	True
World	True
World	True
Sci/Tech	True
Sci/Tech	True
Sci/Tech	True
Sci/Tech	True
Sports	True
Business	True
Business	True
World	True
Sci/Tech	True
Sports	True
Sci/Tech	True
World	True
Sci/Tech	True
World	True
Business	True
Business	True
Sci/Tech	True
Sci/Tech	True
Sports	True
Business	True
World	True
Sports	True
Sports	True
Sports	True
World	True
World	True
World	True
Business	True
Business	True
Business	True
World	True
Sci/Tech	True
Business	True
World	True
Sci/Tech	True
Sci/Tech	True
World	True
Sci/Tech	True
World	True
Business	True
Sports	True
Business	True
World	True
Sports	True
Sports	True
Sports	True
Sports	True
Sci/Tech	True
Sports	True
World	True
Sci/Tech	True
Sci/Tech	True
Sci/Tech	True
Business	True
Sports	True
Sports	True
World	True
World	True
Business	True
Sports	True
Sports	True
Business	True
Sports	True
Sports	True
World	True
Sports	True
Sports	True
Sci/Tech	True
Sports	True
Sports	True
Sports	True
Sci/Tech	True
Sci/Tech	True
Business	True
Sci/Tech	True
Sci/Tech	True
Sci/Tech	True
Sci/Tech	True
Sci/Tech	True
Business	True
Sports	True
World	True
World	True
World	True
World	True
World	True
Sports	True
World	True
Sports	True
Business	True
World	True
World	True
World	True
Business	True
World	True
Business	True
Sci/Tech	True
World	True
Business	True
Business	True
Sci/Tech	True
Sci/Tech	True
World	True
Sci/Tech	True
Sports	True
Business	True
Sports	True
Sports	True
Business	True
World	True
Business	True
Sports	True
Sci/Tech	True
Sci/Tech	True
Sci/Tech	True
Business	True
Business	True
Sports	True
Business	True
World	True
World	True
World	True
Sports	True
Sports	True
Sci/Tech	True
World	True
World	True
Business	True
Sci/Tech	True
Business	True
Sci/Tech	True
Business	True
Business	True
World	True
World	True
World	True
Sci/Tech	True
World	True
World	True
Sports	True
Sports	True
Sports	True
Sci/Tech	True
Sci/Tech	True
Business	True
Sci/Tech	True
World	True
Sports	True
World	True
Sports	True
Sci/Tech	True
Business	True
Sci/Tech	True
Business	True
Business	True
Sci/Tech	True
Sports	True
Sci/Tech	True
Business	True
Business	True
Business	True
World	True
Sci/Tech	True
Sports	True
Business	True
Business	True
Sci/Tech	True
Sports	True
World	True
World	True
World	True
Business	True
Sci/Tech	True
Sports	True
Sci/Tech	True
Sci/Tech	True
Sports	True
Sci/Tech	True
Sci/Tech	True
World	True
World	True
Sports	True
Sci/Tech	True
Sci/Tech	True
Sports	True
World	True
World	True
World	True
Business	True
Business	True
Business	True
Business	True
Sports	True
Sci/Tech	True
World	True
Sports	True
World	True
Sports	True
Business	True
World	True
World	True
Sci/Tech	True
Sci/Tech	True
Sci/Tech	True
Sports	True
Sports	True
Business	True
World	True
World	True
Sports	True
Sports	True
Sports	True
World	True
World	True
World	True
Business	True
Sports	True
World	True
Business	True
Business	True
World	True
World	True
World	True
Sci/Tech	True
World	True
Sci/Tech	True
World	True
Sports	True
Business	True
Sports	True
Sci/Tech	True
Sports	True
World	True
Sports	True
Sci/Tech	True
Sports	True
Business	True
Sci/Tech	True
World	True
Sci/Tech	True
Sci/Tech	True
Sports	True
Sports	True
Business	True
World	True
Business	True
World	True
Sci/Tech	True
Sci/Tech	True
Sports	True
Business	True
Sports	True
World	True
Sci/Tech	True
Sci/Tech	True
World	True
Business	True
Sci/Tech	True
Sci/Tech	True
Sports	True
World	True
Sports	True
World	True
Business	True
World	True
Business	True
Sci/Tech	True
Business	True
Sports	True
Sports	True
Sci/Tech	True
Sci/Tech	True
Sports	True
Sci/Tech	True
Sci/Tech	True
World	True
Business	True
Sports	True
Sports	True
World	True
Business	True
Business	True
Sci/Tech	True
Business	True
World	True
Sports	True
Sports	True
Sports	True
Sports	True
World	True
Business	True
World	True
Business	True
Business	True
Sci/Tech	True
Sci/Tech	True
Business	True
Sports	True
Sci/Tech	True
Sports	True
World	True
Sports	True
World	True
Business	True
Business	True
Business	True
Sports	True
Sci/Tech	True
Sci/Tech	True
Sci/Tech	True
Business	True
World	True
Sports	True
Sci/Tech	True
Sports	True
Sports	True
Business	True
World	True
Business	True
Business	True
Sci/Tech	True
Sci/Tech	True
Business	True
Business	True
Sports	True
Sci/Tech	True
World	True
Sci/Tech	True
Sci/Tech	True
World	True
Business	True
World	True
Sports	True
Sci/Tech	True
World	True
Business	True
World	True
Sports	True
Business	True
Sports	True
Sci/Tech	True
Business	True
World	True
Sci/Tech	True
Business	True
Sports	True
Sports	True
Business	True
World	True
Sci/Tech	True
World	True
Sci/Tech	True
Business	True
Sci/Tech	True
Sports	True
Sci/Tech	True
Business	True
World	True
Sports	True
Sports	True
Business	True
Sci/Tech	True
Business	True
World	True
Sports	True
World	True
World	True
World	True
Business	True
Business	True
World	True
Business	True
Sports	True
Sci/Tech	True
Sci/Tech	True
Sports	True
Sports	True
World	True
Sci/Tech	True
World	True
Business	True
World	True
Business	True
Business	True
Sci/Tech	True
Sports	True
Sports	True
Business	True
Sports	True
Sports	True
Business	True
Sci/Tech	True
World	True
Sci/Tech	True
Sports	True
Sports	True
Sports	True
World	True
Business	True
Sports	True
World	True
Business	True
Business	True
Sci/Tech	True
Business	True
Business	True
Business	True
Sci/Tech	True
Business	True
Business	True
Business	True
Sports	True
Sci/Tech	True
Sports	True
Business	True
Sci/Tech	True
World	True
Business	True
Business	True
Sports	True
Sports	True
Sports	True
Sci/Tech	True
Sci/Tech	True
Sports	True
Business	True
Sci/Tech	True
Business	True
Sports	True
Sports	True
Business	True
World	True
World	True
Sci/Tech	True
Business	True
World	True
Sports	True
Sports	True
Business	True
Sports	True
Business	True
Sci/Tech	True
Sports	True
World	True
Sci/Tech	True
World	True
Sci/Tech	True
Business	True
Sci/Tech	True
Sports	True
Sports	True
Sci/Tech	True
Sci/Tech	True
Business	True
Sports	True
Sci/Tech	True
Sports	True
Sci/Tech	True
Business	True
Business	True
Sports	True
World	True
Sci/Tech	True
World	True
Sci/Tech	True
World	True
World	True
Sports	True
World	True
Sports	True
Sports	True
Sports	True
Business	True
Sci/Tech	True
Sports	True
Sci/Tech	True
Sports	True
Sports	True
Sci/Tech	True
World	True
Business	True
Sci/Tech	True
Sports	True
Sci/Tech	True
Sci/Tech	True
Business	True
Sci/Tech	True
Business	True
Sports	True
Sports	True
World	True
Sci/Tech	True
World	True
Business	True
World	True
Sports	True
Sports	True
Business	True
Sci/Tech	True
Sports	True
World	True
World	True
Sports	True
Business	True
World	True
Sports	True
Sci/Tech	True
Business	True
World	True
Sports	True
Sports	True
Business	True
World	True
Sci/Tech	True
Sports	True
Sci/Tech	True
Sports	True
Sports	True
Sci/Tech	True
Sports	True
Sports	True
Business	True
World	True
Sports	True
Business	True
Sports	True
World	True
Business	True
Business	True
Sports	True
Sports	True
World	True
Business	True
World	True
Sports	True
Sports	True
Sci/Tech	True
Sports	True
Business	True
Sports	True
Sports	True
Sports	True
Sci/Tech	True
Business	True
Sci/Tech	True
Sci/Tech	True
Sci/Tech	True
Sci/Tech	True
Business	True
Sports	True
World	True
Sci/Tech	True
World	True
Business	True
Business	True
World	True
World	True
World	True
World	True
Sci/Tech	True
Sports	True
World	True
Sci/Tech	True
Business	True
Sci/Tech	True
World	True
Sci/Tech	True
Sci/Tech	True
Sci/Tech	True
Sci/Tech	True
World	True
World	True
World	True
Sports	True
Business	True
World	True
World	True
Business	True
Sports	True
Sports	True
Sci/Tech	True
Sci/Tech	True
Business	True
World	True
Sports	True
Business	True
Sports	True
Business	True
Business	True
World	True
Sports	True
Business	True
Business	True
World	True
Business	True
World	True
World	True
Business	True
Sci/Tech	True
Business	True
Sports	True
Sci/Tech	True
Sports	True
Business	True
Sports	True
Sports	True
Business	True
Business	True
World	True
Sci/Tech	True
Sci/Tech	True
World	True
Sports	True
Business	True
Sci/Tech	True
Sci/Tech	True
Business	True
Sci/Tech	True
Business	True
Sports	True
World	True
World	True
Sports	True
World	True
Sci/Tech	True
Sports	True
Sports	True
Sci/Tech	True
Business	True
World	True
Business	True
World	True
World	True
Sci/Tech	True
Business	True
Sports	True
Sci/Tech	True
Sports	True
Sports	True
Business	True
World	True
Sci/Tech	True
Business	True
World	True
Sci/Tech	True
Business	True
Business	True
World	True
Sports	True
Business	True
Business	True
Business	True
World	True
Business	True
Sci/Tech	True
Sports	True
Business	True
Sports	True
World	True
Business	True
Sci/Tech	True
Business	True
Sci/Tech	True
Business	True
World	True
World	True
World	True
Sci/Tech	True
Sci/Tech	True
World	True
Sports	True
World	True
Sports	True
World	True
Sci/Tech	True
Business	True
Sci/Tech	True
World	True
World	True
Sci/Tech	True
Sports	True
Business	True
Sci/Tech	True
Sci/Tech	True
Sci/Tech	True
World	True
World	True
Sports	True
World	True
Business	True
Business	True
Sci/Tech	True
Business	True
Sports	True
World	True
World	True
World	True
Sports	True
World	True
Business	True
Sci/Tech	True
Business	True
Business	True
Business	True
World	True
World	True
Business	True
Business	True
Business	True
Business	True
Business	True
World	True
World	True
World	True
Sports	True
Sci/Tech	True
World	True
Sports	True
World	True
Sci/Tech	True
World	True
Sci/Tech	True
World	True
Sci/Tech	True
Sci/Tech	True
Sports	True
Sports	True
World	True
Sci/Tech	True
Sports	True
Sports	True
Business	True
Sci/Tech	True
Sci/Tech	True
World	True
World	True
Business	True
Sci/Tech	True
Sports	True
World	True
Business	True
Sports	True
World	True
Sports	True
Sci/Tech	True
Sports	True
Sports	True
Sci/Tech	True
World	True
World	True
Sports	True
Sci/Tech	True
Sports	True
World	True
Business	True
World	True
Sports	True
Business	True
Business	True
World	True
World	True
Business	True
Sports	True
Sci/Tech	True
Sci/Tech	True
Business	True
Sports	True
Business	True
Business	True
World	True
Sports	True
Sports	True
Sci/Tech	True
Business	True
Business	True
Sci/Tech	True
World	True
Business	True
World	True
Sci/Tech	True
Business	True
World	True
Sports	True
Sci/Tech	True
Sports	True
Sci/Tech	True
Business	True
Sci/Tech	True
Business	True
Business	True
Sports	True
World	True
Business	True
World	True
World	True
Sports	True
Sports	True
Sci/Tech	True
Sci/Tech	True
Sports	True
World	True
Sports	True
Sports	True
Business	True
Sci/Tech	True
Sci/Tech	True
Sci/Tech	True
Sports	True
Sci/Tech	True
Business	True
Sci/Tech	True
Sports	True
Sci/Tech	True
Sci/Tech	True
Business	True
Business	True
World	True
World	True
Business	True
Sci/Tech	True
World	True
Sci/Tech	True
Sci/Tech	True
Sports	True
Sports	True
Sci/Tech	True
Sci/Tech	True
Sci/Tech	True
World	True
Sports	True
Sci/Tech	True
Business	True
Business	True
Sports	True
Sports	True
Business	True
Sci/Tech	True
World	True
Business	True
Business	True
Sci/Tech	True
Sports	True
Business	True
Business	True
Sports	True
World	True
World	True
Business	True
Sports	True
Sports	True
Business	True
Business	True
Sports	True
Sci/Tech	True
Sports	True
Business	True
World	True
Sports	True
Sports	True
Sci/Tech	True
Business	True
Sports	True
Business	True
Sci/Tech	True
Business	True
World	True
Sci/Tech	True
World	True
Sports	True
World	True
World	True
World	True
World	True
Sci/Tech	True
Sports	True
Business	True
Business	True
World	True
Sports	True
Sports	True
World	True
Sci/Tech	True
World	True
World	True
Sci/Tech	True
World	True
Business	True
Business	True
Sports	True
Sci/Tech	True
Sci/Tech	True
Sci/Tech	True
Sports	True
Business	True
Sports	True
World	True
Sci/Tech	True
Business	True
Sci/Tech	True
Sports	True
Sports	True
Sports	True
Business	True
Sports	True
Sports	True
World	True
Business	True
World	True
World	True
Sci/Tech	True
World	True
World	True
Sports	True
Sports	True
Sports	True
Business	True
Business	True
Sports	True
World	True
Sci/Tech	True
Sci/Tech	True
Sports	True
Sci/Tech	True
Sports	True
Business	True
Sci/Tech	True
Sports	True
World	True
Business	True
Sports	True
Sports	True
Sci/Tech	True
Sports	True
Sports	True
World	True
Business	True
Business	True
World	True
Business	True
Sports	True
Sci/Tech	True
Sci/Tech	True
Sci/Tech	True
Sports	True
Sci/Tech	True
Business	True
Business	True
World	True
Sci/Tech	True
World	True
World	True
Sports	True
Business	True
Business	True
World	True
Sports	True
World	True
Sports	True
Sci/Tech	True
Sports	True
World	True
World	True
Business	True
Business	True
Business	True
Business	True
Sports	True
Business	True
World	True
Sci/Tech	True
World	True
World	True
Sci/Tech	True
Sports	True
Sports	True
World	True
Sci/Tech	True
World	True
Sci/Tech	True
Business	True
Business	True
World	True
Sports	True
Business	True
Business	True
Business	True
Sci/Tech	True
Sci/Tech	True
World	True
Sci/Tech	True
World	True
World	True
Sci/Tech	True
Business	True
Sports	True
World	True
World	True
World	True
Sports	True
Sports	True
Sports	True
Sci/Tech	True
Business	True
Sci/Tech	True
Sci/Tech	True
Sci/Tech	True
Sci/Tech	True
Business	True
World	True
Sports	True
Business	True
Business	True
Sci/Tech	True
World	True
Business	True
Business	True
World	True
World	True
Sci/Tech	True
Sports	True
Sci/Tech	True
Sci/Tech	True
Business	True
Business	True
World	True
World	True
Business	True
Business	True
Sci/Tech	True
Business	True
Business	True
Business	True
Sci/Tech	True
Sports	True
Sports	True
World	True
World	True
Business	True
World	True
Sports	True
Sports	True
Sports	True
Business	True
World	True
Sports	True
World	True
Sci/Tech	True
Sci/Tech	True
Sports	True
Sci/Tech	True
Sci/Tech	True
Sci/Tech	True
World	True
Business	True
Business	True
Business	True
Business	True
World	True
Business	True
Business	True
Business	True
World	True
Sci/Tech	True
Sci/Tech	True
Business	True
Business	True
Sci/Tech	True
Sci/Tech	True
World	True
Sports	True
Sci/Tech	True
Business	True
Sci/Tech	True
Business	True
Business	True
Sports	True
Sci/Tech	True
Sports	True
Sports	True
Sports	True
World	True
Sci/Tech	True
Sports	True
Sports	True
Sports	True
Business	True
Business	True
Sports	True
World	True
Business	True
World	True
Sci/Tech	True
Business	True
World	True
Business	True
Business	True
Sci/Tech	True
Sci/Tech	True
Business	True
Sports	True
Sports	True
Business	True
Sci/Tech	True
Business	True
Sports	True
World	True
Sports	True
Sports	True
Sci/Tech	True
World	True
Business	True
Sports	True
Sci/Tech	True
Business	True
Sci/Tech	True
Sci/Tech	True
Sports	True
Sports	True
Sci/Tech	True
Sports	True
Business	True
World	True
Sci/Tech	True
Sci/Tech	True
World	True
World	True
Sci/Tech	True
Business	True
Business	True
Sci/Tech	True
Sci/Tech	True
Sci/Tech	True
Sports	True
Sports	True
Sports	True
Business	True
Sci/Tech	True
Sci/Tech	True
Sci/Tech	True
Business	True
Sci/Tech	True
World	True
Sci/Tech	True
World	True
Business	True
Business	True
Sports	True
World	True
Sports	True
Business	True
Sci/Tech	True
Sports	True
World	True
Sci/Tech	True
World	True
World	True
Business	True
Business	True
World	True
World	True
World	True
World	True
Sports	True
World	True
World	True
World	True
Business	True
World	True
World	True
Sci/Tech	True
Sci/Tech	True
World	True
Sports	True
Sci/Tech	True
Sports	True
World	True
World	True
Sports	True
Sports	True
Sports	True
World	True
Sci/Tech	True
Business	True
Sports	True
Business	True
Business	True
Sports	True
Business	True
Business	True
World	True
Business	True
Business	True
Sci/Tech	True
Sci/Tech	True
Sports	True
Sports	True
Sci/Tech	True
Business	True
Business	True
Business	True
World	True
Sci/Tech	True
Business	True
Business	True
Sports	True
Business	True
Sci/Tech	True
Sci/Tech	True
Sports	True
Sci/Tech	True
Sci/Tech	True
Sci/Tech	True
Sci/Tech	True
World	True
Sci/Tech	True
Business	True
Sci/Tech	True
Sci/Tech	True
World	True
Sci/Tech	True
Sci/Tech	True
World	True
Sci/Tech	True
Sci/Tech	True
World	True
Sci/Tech	True
Sports	True
Sci/Tech	True
Sports	True
Sci/Tech	True
Sports	True
Sci/Tech	True
Business	True
Business	True
Sports	True
World	True
Business	True
World	True
Sports	True
World	True
Business	True
World	True
Business	True
Sci/Tech	True
Sci/Tech	True
Sci/Tech	True
Business	True
Business	True
World	True
Sports	True
World	True
Sports	True
World	True
Sci/Tech	True
Sci/Tech	True
Sports	True
Sports	True
Business	True
World	True
World	True
World	True
World	True
Business	True
Sports	True
Sci/Tech	True
World	True
Sci/Tech	True
Sports	True
World	True
Business	True
World	True
Sports	True
Business	True
Business	True
Business	True
Sports	True
World	True
Sports	True
Sports	True
Sports	True
Business	True
Sci/Tech	True
Business	True
Sci/Tech	True
Sci/Tech	True
World	True
Business	True
Business	True
Sports	True
Business	True
Business	True
Sci/Tech	True
Business	True
Sci/Tech	True
Sports	True
Sports	True
Sports	True
World	True
World	True
World	True
Sci/Tech	True
Sports	True
Sci/Tech	True
Sports	True
Sports	True
World	True
World	True
Sci/Tech	True
Business	True
Sci/Tech	True
World	True
Sci/Tech	True
Sports	True
World	True
Business	True
Business	True
World	True
World	True
Sports	True
Sci/Tech	True
Sports	True
Sci/Tech	True
Sports	True
World	True
Sports	True
Business	True
World	True
Sci/Tech	True
World	True
Sports	True
World	True
Sports	True
Sports	True
World	True
World	True
Sci/Tech	True
World	True
Sports	True
Sports	True
Sci/Tech	True
Business	True
World	True
Sci/Tech	True
Sci/Tech	True
Sports	True
Sci/Tech	True
Sci/Tech	True
Sci/Tech	True
World	True
World	True
Sci/Tech	True
Business	True
Business	True
Sci/Tech	True
Sci/Tech	True
Business	True
Business	True
Sci/Tech	True
Business	True
Sports	True
Sci/Tech	True
Sports	True
World	True
Business	True
Business	True
World	True
Business	True
Sports	True
Sports	True
Sci/Tech	True
Sci/Tech	True
Business	True
Sports	True
Business	True
Sports	True
Sports	True
World	True
Sports	True
Sci/Tech	True
Sci/Tech	True
Business	True
Business	True
World	True
Sports	True
Business	True
Sci/Tech	True
World	True
Business	True
Sports	True
Sci/Tech	True
Sci/Tech	True
Sports	True
Sports	True
Sci/Tech	True
Sci/Tech	True
Business	True
Sports	True
Sports	True
Business	True
Sci/Tech	True
Business	True
Sports	True
World	True
Sci/Tech	True
World	True
Business	True
Sports	True
Sports	True
Business	True
Sci/Tech	True
World	True
Sci/Tech	True
Business	True
Business	True
World	True
Sports	True
Business	True
Sci/Tech	True
Business	True
Business	True
Sci/Tech	True
Sci/Tech	True
World	True
Business	True
Sports	True
Sci/Tech	True
Sports	True
World	True
Sci/Tech	True
Sports	True
Sci/Tech	True
Sports	True
Sports	True
Sci/Tech	True
World	True
Business	True
Sci/Tech	True
World	True
Business	True
World	True
Business	True
World	True
World	True
World	True
World	True
Business	True
World	True
Business	True
Sci/Tech	True
Sci/Tech	True
Sports	True
Sci/Tech	True
Sports	True
Business	True
Business	True
World	True
Sci/Tech	True
World	True
World	True
World	True
World	True
Business	True
Sci/Tech	True
Sports	True
Business	True
Sci/Tech	True
Business	True
Sports	True
World	True
Business	True
Sports	True
Sports	True
Sci/Tech	True
Business	True
World	True
Business	True
Business	True
Business	True
Sci/Tech	True
World	True
Sci/Tech	True
World	True
Sports	True
World	True
Sci/Tech	True
Sci/Tech	True
Sports	True
Sci/Tech	True
Sports	True
Sci/Tech	True
Sports	True
Sports	True
Sci/Tech	True
Sports	True
Sci/Tech	True
Sports	True
Business	True
Sports	True
Business	True
Business	True
Sports	True
World	True
Sports	True
Sports	True
Business	True
Sports	True
Business	True
Sports	True
Sci/Tech	True
Sci/Tech	True
Business	True
Sci/Tech	True
Sports	True
Sci/Tech	True
Sports	True
World	True
Sci/Tech	True
Sports	True
Sports	True
Sports	True
Sports	True
Business	True
Sports	True
World	True
Sports	True
Sports	True
Business	True
Business	True
Business	True
World	True
World	True
Business	True
Sci/Tech	True
Business	True
World	True
Sports	True
World	True
World	True
Sports	True
Business	True
World	True
Sci/Tech	True
Sports	True
Business	True
Sci/Tech	True
Sci/Tech	True
World	True
Sports	True
Business	True
World	True
Sports	True
Business	True
Sports	True
World	True
World	True
Sports	True
Business	True
Sports	True
World	True
Business	True
Sports	True
Business	True
World	True
Business	True
World	True
World	True
Sci/Tech	True
World	True
World	True
Business	True
Sports	True
Sci/Tech	True
Business	True
Sci/Tech	True
Sci/Tech	True
Business	True
Business	True
Sports	True
Business	True
Sports	True
Sci/Tech	True
World	True
Sports	True
Sci/Tech	True
Sci/Tech	True
Sports	True
Sports	True
Business	True
World	True
World	True
World	True
Business	True
Sports	True
Sports	True
Sports	True
World	True
World	True
Business	True
Sci/Tech	True
World	True
World	True
Sci/Tech	True
World	True
Sports	True
World	True
Sci/Tech	True
Sports	True
Business	True
World	True
Business	True
Business	True
Sports	True
Business	True
Sci/Tech	True
World	True
Business	True
World	True
Business	True
Sci/Tech	True
Sci/Tech	True
Sports	True
World	True
Sci/Tech	True
World	True
Business	True
World	True
Sports	True
Business	True
World	True
Sci/Tech	True
Sci/Tech	True
World	True
Business	True
Sci/Tech	True
Sports	True
Sci/Tech	True
Sports	True
Business	True
World	True
Sci/Tech	True
World	True
World	True
Sci/Tech	True
World	True
Sports	True
Business	True
Sports	True
Business	True
World	True
Sports	True
Sci/Tech	True
Business	True
World	True
Business	True
World	True
Business	True
Sci/Tech	True
Sci/Tech	True
Sports	True
World	True
Business	True
Sports	True
Sci/Tech	True
Sci/Tech	True
World	True
World	True
Business	True
Sci/Tech	True
World	True
World	True
Sports	True
Sports	True
World	True
Business	True
Sci/Tech	True
Sci/Tech	True
Business	True
World	True
Sci/Tech	True
Sports	True
Business	True
Business	True
Sci/Tech	True
Business	True
World	True
World	True
World	True
Business	True
Sports	True
World	True
Sci/Tech	True
Sports	True
Sci/Tech	True
World	True
Business	True
World	True
Sports	True
Business	True
World	True
Sci/Tech	True
Business	True
Business	True
Sci/Tech	True
Sci/Tech	True
Sci/Tech	True
World	True
Sci/Tech	True
Business	True
World	True
Sports	True
World	True
World	True
Business	True
Business	True
Sports	True
World	True
Sci/Tech	True
World	True
Sports	True
World	True
Business	True
Business	True
Sci/Tech	True
Sci/Tech	True
Sports	True
Business	True
Sci/Tech	True
World	True
Business	True
Business	True
World	True
Sci/Tech	True
World	True
Sci/Tech	True
Sports	True
World	True
Sports	True
World	True
World	True
Sports	True
Sci/Tech	True
Sports	True
World	True
Business	True
Business	True
World	True
Business	True
World	True
Business	True
World	True
Sports	True
Sports	True
World	True
Sci/Tech	True
Business	True
Business	True
Business	True
World	True
Business	True
Business	True
World	True
Business	True
Sports	True
World	True
Sports	True
Business	True
Sports	True
World	True
World	True
Sci/Tech	True
Sci/Tech	True
Sports	True
Business	True
World	True
Sci/Tech	True
World	True
World	True
Business	True
Sci/Tech	True
Sports	True
World	True
Sci/Tech	True
Sports	True
Sci/Tech	True
Business	True
Sports	True
Business	True
World	True
World	True
Sports	True
Business	True
World	True
Business	True
World	True
Business	True
Sports	True
Business	True
Sci/Tech	True
Sports	True
Sci/Tech	True
Sports	True
Sports	True
Sci/Tech	True
Sci/Tech	True
Sports	True
World	True
Sports	True
Business	True
World	True
Business	True
World	True
World	True
Business	True
Sports	True
Sci/Tech	True
World	True
Sports	True
Business	True
Business	True
Business	True
World	True
Business	True
World	True
Business	True
Sports	True
Business	True
Sci/Tech	True
Business	True
Business	True
Sports	True
Business	True
World	True
World	True
World	True
Sci/Tech	True
Sci/Tech	True
Sci/Tech	True
Sports	True
Business	True
Sports	True
Sports	True
Sci/Tech	True
World	True
Sci/Tech	True
Sci/Tech	True
World	True
World	True
World	True
Sci/Tech	True
Sci/Tech	True
World	True
Business	True
Business	True
Business	True
Sci/Tech	True
Sports	True
Business	True
Business	True
Sci/Tech	True
World	True
Sports	True
Business	True
Business	True
Sci/Tech	True
Business	True
Business	True
Sports	True
Sci/Tech	True
Business	True
Business	True
World	True
Sports	True
Business	True
Sports	True
World	True
Business	True
Sci/Tech	True
Business	True
Sports	True
Sci/Tech	True
Sci/Tech	True
Sports	True
Sci/Tech	True
Business	True
Business	True
World	True
Sci/Tech	True
Sci/Tech	True
Sports	True
World	True
World	True
Business	True
Business	True
Sports	True
Sci/Tech	True
Sci/Tech	True
World	True
World	True
Sports	True
Sci/Tech	True
Sports	True
World	True
Sci/Tech	True
Business	True
Sci/Tech	True
World	True
World	True
World	True
Business	True
Sci/Tech	True
World	True
World	True
Sci/Tech	True
Sports	True
Business	True
Business	True
Sports	True
Sci/Tech	True
Business	True
Business	True
Sci/Tech	True
World	True
Sci/Tech	True
Business	True
World	True
World	True
Sports	True
World	True
Business	True
Sports	True
Sci/Tech	True
Sci/Tech	True
Sports	True
Sports	True
Sci/Tech	True
World	True
Sci/Tech	True
Sci/Tech	True
World	True
Business	True
World	True
Sci/Tech	True
Sports	True
Sci/Tech	True
Sci/Tech	True
Business	True
Sci/Tech	True
World	True
Sci/Tech	True
World	True
Sci/Tech	True
Business	True
Sci/Tech	True
Sci/Tech	True
Business	True
Business	True
Sports	True
Sports	True
Sci/Tech	True
Sports	True
Sci/Tech	True
World	True
Sports	True
Business	True
World	True
Sports	True
World	True
Sci/Tech	True
Business	True
Sports	True
Business	True
World	True
Sci/Tech	True
Sci/Tech	True
World	True
World	True
Sci/Tech	True
Sci/Tech	True
Sports	True
World	True
Sci/Tech	True
Sports	True
Business	True
Sports	True
Sci/Tech	True
World	True
Sci/Tech	True
Sci/Tech	True
Business	True
World	True
Business	True
Sports	True
Business	True
World	True
Sports	True
Sports	True
World	True
Sci/Tech	True
Business	True
World	True
World	True
World	True
Business	True
Business	True
Sci/Tech	True
World	True
Sci/Tech	True
Business	True
Sci/Tech	True
Sci/Tech	True
Sports	True
Sci/Tech	True
Sci/Tech	True
World	True
World	True
World	True
Sci/Tech	True
Business	True
Sci/Tech	True
Business	True
World	True
Sci/Tech	True
Business	True
Sci/Tech	True
Business	True
Business	True
Business	True
Sports	True
Sports	True
Sports	True
Sports	True
World	True
Sports	True
World	True
Sci/Tech	True
Sports	True
Sports	True
Sci/Tech	True
World	True
World	True
Business	True
Sports	True
Sci/Tech	True
Sci/Tech	True
Sports	True
Sci/Tech	True
Business	True
Sci/Tech	True
Business	True
Business	True
Sports	True
Sports	True
Business	True
World	True
World	True
Business	True
Sci/Tech	True
Sci/Tech	True
World	True
Sci/Tech	True
World	True
World	True
World	True
World	True
Business	True
Sci/Tech	True
Sports	True
World	True
Sports	True
Sports	True
Sports	True
World	True
Sports	True
Sports	True
World	True
World	True
Sci/Tech	True
World	True
Business	True
Sports	True
Sci/Tech	True
Sports	True
Sports	True
World	True
World	True
Business	True
World	True
Sports	True
World	True
Sports	True
World	True
Sports	True
Sci/Tech	True
World	True
Sports	True
Business	True
Business	True
World	True
World	True
Sci/Tech	True
Sports	True
Business	True
Sci/Tech	True
World	True
World	True
Sci/Tech	True
Business	True
Business	True
Business	True
Business	True
Business	True
Business	True
Sports	True
Sports	True
Sports	True
Sports	True
Sports	True
Sports	True
Sports	True
Business	True
Sports	True
World	True
Business	True
Business	True
Sports	True
World	True
Business	True
Sci/Tech	True
Sci/Tech	True
Sci/Tech	True
Sci/Tech	True
World	True
Sports	True
Sports	True
Sci/Tech	True
Sports	True
Sports	True
Sports	True
Sports	True
Sci/Tech	True
Sci/Tech	True
Sports	True
Sci/Tech	True
Business	True
World	True
Business	True
Sci/Tech	True
Business	True
World	True
Sci/Tech	True
Sci/Tech	True
Sports	True
Sports	True
Sports	True
Sports	True
Sci/Tech	True
Sci/Tech	True
Sports	True
Business	True
Sports	True
Sci/Tech	True
Business	True
Business	True
Business	True
World	True
Sports	True
Sci/Tech	True
Business	True
World	True
Sports	True
Sports	True
Sports	True
Sci/Tech	True
Sci/Tech	True
Sci/Tech	True
Business	True
Sci/Tech	True
Sci/Tech	True
Business	True
Business	True
Sports	True
World	True
Sci/Tech	True
Sports	True
Sports	True
World	True
Sci/Tech	True
Sports	True
Sports	True
World	True
Sci/Tech	True
World	True
Sci/Tech	True
Sports	True
Business	True
Sports	True
Business	True
Business	True
Sports	True
Sports	True
Sci/Tech	True
World	True
Sports	True
Sci/Tech	True
Sports	True
Sci/Tech	True
World	True
Sci/Tech	True
Business	True
Business	True
Business	True
Sci/Tech	True
Sports	True
Sports	True
Sports	True
Sci/Tech	True
Sports	True
World	True
Sci/Tech	True
Business	True
World	True
World	True
World	True
Sci/Tech	True
Sci/Tech	True
Sci/Tech	True
Sci/Tech	True
Sci/Tech	True
World	True
World	True
World	True
Sci/Tech	True
Sports	True
Business	True
World	True
World	True
Business	True
Sports	True
Sci/Tech	True
Sci/Tech	True
Business	True
Sci/Tech	True
Business	True
World	True
Sci/Tech	True
Sports	True
Sports	True
Sports	True
Sci/Tech	True
Business	True
Business	True
Sports	True
Sci/Tech	True
Business	True
Sci/Tech	True
Business	True
Sci/Tech	True
Sports	True
World	True
Sci/Tech	True
Sports	True
Business	True
Business	True
Sports	True
World	True
Sci/Tech	True
World	True
World	True
World	True
Sci/Tech	True
Business	True
Sports	True
Sports	True
Sports	True
Business	True
Sci/Tech	True
Sports	True
Sci/Tech	True
Sports	True
Business	True
World	True
Sports	True
Business	True
Sports	True
Business	True
World	True
World	True
Sports	True
Sports	True
Sci/Tech	True
Business	True
Business	True
Business	True
Sci/Tech	True
Business	True
Business	True
Sci/Tech	True
World	True
World	True
Business	True
World	True
World	True
World	True
Sports	True
Sports	True
Business	True
World	True
Sci/Tech	True
Sci/Tech	True
Business	True
Business	True
Sports	True
Sci/Tech	True
World	True
Business	True
Business	True
Sci/Tech	True
Sci/Tech	True
Business	True
World	True
Sports	True
Business	True
World	True
Business	True
Sci/Tech	True
Business	True
Sci/Tech	True
Business	True
Sci/Tech	True
Sports	True
Business	True
Business	True
Business	True
World	True
Sports	True
Sports	True
World	True
Sci/Tech	True
World	True
Sports	True
World	True
Sci/Tech	True
Business	True
Sci/Tech	True
Sci/Tech	True
Sci/Tech	True
World	True
Sports	True
Business	True
Sci/Tech	True
Sports	True
Sports	True
Business	True
Business	True
Sci/Tech	True
World	True
Sports	True
World	True
World	True
Business	True
Sci/Tech	True
World	True
World	True
World	True
Business	True
World	True
Business	True
Business	True
World	True
Business	True
Business	True
Sci/Tech	True
Sci/Tech	True
Sports	True
Sports	True
Sports	True
Sports	True
Business	True
Business	True
World	True
Sports	True
Sports	True
World	True
Business	True
World	True
Sci/Tech	True
Business	True
Sci/Tech	True
Sports	True
Sci/Tech	True
World	True
Business	True
Sports	True
Sports	True
Sci/Tech	True
Sci/Tech	True
Sci/Tech	True
Sports	True
Business	True
Business	True
Business	True
Business	True
Sci/Tech	True
Sci/Tech	True
Business	True
World	True
World	True
Sci/Tech	True
Sci/Tech	True
Sports	True
World	True
Sci/Tech	True
Business	True
Sci/Tech	True
Sports	True
Business	True
Sports	True
World	True
Sci/Tech	True
Business	True
Sci/Tech	True
Sci/Tech	True
Sci/Tech	True
World	True
Sci/Tech	True
Business	True
World	True
Sci/Tech	True
Sports	True
World	True
World	True
World	True
Sci/Tech	True
Sci/Tech	True
Sports	True
Business	True
Sci/Tech	True
Business	True
World	True
Sci/Tech	True
Sci/Tech	True
Business	True
Sci/Tech	True
World	True
World	True
Sci/Tech	True
Business	True
World	True
Business	True
Sci/Tech	True
Business	True
Sports	True
Sci/Tech	True
Sports	True
Sci/Tech	True
Sports	True
Sci/Tech	True
Sci/Tech	True
Sports	True
Sci/Tech	True
Sci/Tech	True
Sports	True
Business	True
Sci/Tech	True
Business	True
Sci/Tech	True
World	True
Sci/Tech	True
Sports	True
Business	True
World	True
World	True
Sports	True
Sci/Tech	True
Sci/Tech	True
Business	True
Sports	True
Sports	True
Sci/Tech	True
Sports	True
Business	True
Sports	True
World	True
World	True
World	True
Sports	True
World	True
Sci/Tech	True
Sports	True
Business	True
Sci/Tech	True
World	True
World	True
Business	True
Sports	True
Sci/Tech	True
World	True
Sports	True
Sci/Tech	True
Sports	True
Sports	True
Sports	True
Sci/Tech	True
Sci/Tech	True
Sci/Tech	True
World	True
Sci/Tech	True
Sports	True
World	True
Business	True
Sci/Tech	True
Sci/Tech	True
Sports	True
Business	True
Business	True
Business	True
Sports	True
Sci/Tech	True
Sports	True
World	True
Business	True
Sci/Tech	True
Business	True
World	True
Sports	True
World	True
Sports	True
World	True
Business	True
Sports	True
Sci/Tech	True
Business	True
Sports	True
Sports	True
World	True
World	True
Sci/Tech	True
Sci/Tech	True
Sci/Tech	True
Sci/Tech	True
Sci/Tech	True
Sports	True
Sci/Tech	True
Sci/Tech	True
Sports	True
Sci/Tech	True
Sci/Tech	True
Sci/Tech	True
Sports	True
World	True
Business	True
Sci/Tech	True
Sports	True
World	True
World	True
Sci/Tech	True
World	True
Sci/Tech	True
Business	True
Sports	True
Sports	True
Sci/Tech	True
Sci/Tech	True
Sci/Tech	True
Sci/Tech	True
Sports	True
Sci/Tech	True
Business	True
World	True
Sports	True
Sports	True
Sports	True
Business	True
Sci/Tech	True
Business	True
World	True
Sci/Tech	True
Sports	True
Business	True
Business	True
World	True
Sci/Tech	True
Sci/Tech	True
Sports	True
World	True
Business	True
Sports	True
Business	True
Sports	True
Sci/Tech	True
Sci/Tech	True
Sports	True
Business	True
Sports	True
Sci/Tech	True
Business	True
Sci/Tech	True
World	True
World	True
World	True
Sci/Tech	True
Sports	True
Sports	True
Business	True
Sports	True
Business	True
Sports	True
Business	True
Business	True
World	True
Sports	True
Sci/Tech	True
Sports	True
Sci/Tech	True
Sci/Tech	True
World	True
Sci/Tech	True
World	True
Business	True
Business	True
Sci/Tech	True
Sci/Tech	True
Sci/Tech	True
Business	True
World	True
Business	True
World	True
Sports	True
Business	True
Sports	True
World	True
World	True
Sports	True
Business	True
Business	True
Business	True
Sports	True
Sci/Tech	True
Sports	True
Sci/Tech	True
World	True
Sci/Tech	True
World	True
Business	True
Sports	True
Sci/Tech	True
Business	True
Sports	True
Business	True
Sports	True
Business	True
Sports	True
Business	True
Business	True
Sci/Tech	True
World	True
Sci/Tech	True
World	True
Sports	True
Sci/Tech	True
World	True
Business	True
Business	True
Sports	True
Sports	True
Business	True
Sci/Tech	True
Business	True
Sci/Tech	True
Sci/Tech	True
Sports	True
World	True
World	True
Business	True
Sports	True
World	True
Business	True
Sci/Tech	True
Sci/Tech	True
Sci/Tech	True
World	True
Sports	True
Sci/Tech	True
World	True
World	True
Sports	True
Sports	True
Sports	True
World	True
Business	True
Sports	True
Business	True
Business	True
World	True
Sports	True
Business	True
Sci/Tech	True
World	True
Sci/Tech	True
Sci/Tech	True
World	True
Business	True
Business	True
Sports	True
Sports	True
Sports	True
Business	True
Sports	True
Sci/Tech	True
World	True
Sports	True
Sci/Tech	True
Business	True
World	True
Business	True
Sci/Tech	True
Sports	True
Sci/Tech	True
Sci/Tech	True
World	True
Business	True
Sports	True
Business	True
World	True
Sports	True
Sci/Tech	True
World	True
Sports	True
Sci/Tech	True
Business	True
World	True
Business	True
World	True
Business	True
World	True
Business	True
Sci/Tech	True
World	True
Sports	True
Sci/Tech	True
World	True
Sports	True
World	True
Sci/Tech	True
Sci/Tech	True
World	True
World	True
Business	True
Sci/Tech	True
Sports	True
World	True
Sports	True
Sci/Tech	True
Sci/Tech	True
Sports	True
World	True
Sports	True
Sports	True
Business	True
Business	True
Business	True
Business	True
Sci/Tech	True
World	True
Sci/Tech	True
World	True
Business	True
Business	True
Business	True
Sci/Tech	True
Business	True
World	True
Sports	True
Sci/Tech	True
World	True
Sports	True
Sports	True
World	True
Sci/Tech	True
Sports	True
Sci/Tech	True
World	True
Sci/Tech	True
Business	True
World	True
Sports	True
World	True
Business	True
Sci/Tech	True
World	True
Business	True
World	True
Sports	True
Sports	True
Sci/Tech	True
Business	True
Sports	True
Business	True
Sports	True
Sports	True
Sci/Tech	True
World	True
Business	True
Business	True
World	True
Sci/Tech	True
Business	True
World	True
Business	True
Business	True
World	True
Sci/Tech	True
Sports	True
World	True
Sports	True
World	True
World	True
Business	True
Sports	True
World	True
Sci/Tech	True
Business	True
World	True
Business	True
Business	True
Business	True
World	True
Sports	True
World	True
World	True
Sci/Tech	True
World	True
Sports	True
Business	True
World	True
Sci/Tech	True
Sci/Tech	True
World	True
World	True
World	True
Business	True
Sci/Tech	True
Sci/Tech	True
World	True
Sci/Tech	True
Sports	True
World	True
Sports	True
Sci/Tech	True
Business	True
World	True
Business	True
World	True
Sci/Tech	True
World	True
Sci/Tech	True
Sports	True
World	True
Business	True
World	True
Business	True
World	True
Sci/Tech	True
Business	True
Business	True
Sci/Tech	True
Sports	True
Sports	True
Sci/Tech	True
Business	True
World	True
World	True
Sci/Tech	True
World	True
Business	True
Sci/Tech	True
Sci/Tech	True
Sci/Tech	True
Sports	True
Sci/Tech	True
World	True
Business	True
Business	True
Sci/Tech	True
Business	True
World	True
World	True
World	True
Business	True
Sci/Tech	True
World	True
Business	True
Sci/Tech	True
Sports	True
Sports	True
Sports	True
World	True
Sports	True
Business	True
Business	True
Sports	True
Sci/Tech	True
Sci/Tech	True
Business	True
Sci/Tech	True
World	True
Sports	True
Business	True
World	True
Business	True
World	True
Sci/Tech	True
Sports	True
Sports	True
Sci/Tech	True
Sports	True
Sports	True
World	True
Sci/Tech	True
Business	True
World	True
Sports	True
World	True
Business	True
Sci/Tech	True
Business	True
World	True
World	True
Sports	True
Sci/Tech	True
Business	True
Business	True
World	True
Sci/Tech	True
World	True
Business	True
World	True
Sci/Tech	True
Sports	True
World	True
Sci/Tech	True
Sports	True
Business	True
World	True
World	True
World	True
Sci/Tech	True
Sports	True
Sci/Tech	True
Sports	True
World	True
Sci/Tech	True
Business	True
Sci/Tech	True
Business	True
Sports	True
Business	True
World	True
Sports	True
Sports	True
Sci/Tech	True
World	True
World	True
Sci/Tech	True
Sci/Tech	True
Sports	True
Sports	True
Sci/Tech	True
Business	True
Sci/Tech	True
Sports	True
Sports	True
Sports	True
Business	True
World	True
World	True
Sports	True
Sports	True
Sports	True
Sports	True
Business	True
Business	True
Sports	True
Sci/Tech	True
Sports	True
Sci/Tech	True
Business	True
World	True
Business	True
Sports	True
Sci/Tech	True
Sci/Tech	True
World	True
Sci/Tech	True
Sci/Tech	True
World	True
Sports	True
Sci/Tech	True
World	True
Business	True
Business	True
World	True
Sports	True
Sci/Tech	True
Sci/Tech	True
World	True
World	True
Business	True
Sports	True
Sports	True
Sports	True
Sci/Tech	True
World	True
Business	True
Sports	True
Sports	True
Sci/Tech	True
Sports	True
Sports	True
World	True
Sports	True
World	True
Business	True
Business	True
Sports	True
Sci/Tech	True
Business	True
World	True
World	True
Sports	True
World	True
Business	True
Sports	True
World	True
Sports	True
Sports	True
Sci/Tech	True
Sci/Tech	True
Sci/Tech	True
World	True
World	True
Business	True
Sports	True
Sports	True
World	True
Sports	True
World	True
Sci/Tech	True
Sci/Tech	True
World	True
Business	True
Sports	True
Sports	True
World	True
World	True
Business	True
Sci/Tech	True
Sports	True
World	True
Sci/Tech	True
Business	True
Sci/Tech	True
Sci/Tech	True
World	True
World	True
World	True
Sports	True
Business	True
Sports	True
World	True
Sports	True
World	True
World	True
Sports	True
Sci/Tech	True
Sci/Tech	True
Business	True
Sports	True
Sports	True
Sports	True
Sci/Tech	True
Sports	True
Sports	True
Sci/Tech	True
Sports	True
World	True
Sci/Tech	True
Sports	True
Business	True
Business	True
Business	True
World	True
World	True
World	True
Sci/Tech	True
Business	True
World	True
Business	True
Business	True
Sci/Tech	True
Sports	True
Sports	True
World	True
Sci/Tech	True
Business	True
Sci/Tech	True
World	True
World	True
Sports	True
Business	True
World	True
Sports	True
World	True
Sci/Tech	True
Sci/Tech	True
Sports	True
Business	True
Business	True
Sports	True
World	True
Business	True
World	True
World	True
World	True
World	True
Sports	True
Sci/Tech	True
World	True
Business	True
Business	True
Business	True
Sports	True
Sports	True
World	True
Sports	True
Sci/Tech	True
Sci/Tech	True
Sci/Tech	True
Sports	True
Sci/Tech	True
World	True
Business	True
Sports	True
Sci/Tech	True
World	True
Business	True
Sports	True
World	True
World	True
Business	True
Sci/Tech	True
World	True
Sci/Tech	True
Sci/Tech	True
Sci/Tech	True
World	True
Sports	True
World	True
Sci/Tech	True
Business	True
World	True
Business	True
Business	True
Business	True
Business	True
Business	True
Sci/Tech	True
Sci/Tech	True
Sci/Tech	True
World	True
World	True
World	True
Sports	True
World	True
Sports	True
World	True
Sports	True
World	True
Sci/Tech	True
Sports	True
Business	True
Sports	True
Sports	True
Sci/Tech	True
Business	True
World	True
Sci/Tech	True
Business	True
Sci/Tech	True
Sci/Tech	True
Sports	True
Sports	True
World	True
Sci/Tech	True
World	True
World	True
Sci/Tech	True
Business	True
World	True
Sports	True
Sci/Tech	True
Sports	True
Business	True
Business	True
World	True
World	True
Sci/Tech	True
Sports	True
Sci/Tech	True
World	True
Business	True
World	True
World	True
Sci/Tech	True
World	True
Sports	True
Business	True
Business	True
Sports	True
Sports	True
Sports	True
Business	True
Sports	True
Sci/Tech	True
Business	True
Sci/Tech	True
World	True
Business	True
Business	True
Sports	True
Sci/Tech	True
Business	True
Sports	True
Sports	True
Sci/Tech	True
Sci/Tech	True
Sports	True
Sports	True
Business	True
World	True
Sports	True
World	True
Sci/Tech	True
Sports	True
Sports	True
Business	True
Sci/Tech	True
World	True
Sci/Tech	True
Sports	True
Business	True
Business	True
Sci/Tech	True
Sports	True
World	True
World	True
World	True
Business	True
Sci/Tech	True
Business	True
Sports	True
Business	True
Sports	True
Sports	True
World	True
Sci/Tech	True
World	True
World	True
Sci/Tech	True
Sports	True
Sci/Tech	True
Sports	True
Sci/Tech	True
World	True
Sci/Tech	True
Sports	True
Sports	True
Sports	True
Sci/Tech	True
Sports	True
Sports	True
World	True
Business	True
Sci/Tech	True
Sports	True
Sci/Tech	True
World	True
Business	True
Sports	True
World	True
Sci/Tech	True
World	True
Business	True
World	True
World	True
Sci/Tech	True
World	True
Business	True
Business	True
Business	True
Sci/Tech	True
Sci/Tech	True
Sci/Tech	True
World	True
Sports	True
Sports	True
Sports	True
Sci/Tech	True
Sports	True
Business	True
Business	True
Sci/Tech	True
Business	True
World	True
Sports	True
Sci/Tech	True
Sports	True
Sports	True
Sports	True
Sports	True
Sci/Tech	True
World	True
World	True
World	True
Sci/Tech	True
Business	True
Business	True
Sci/Tech	True
Sci/Tech	True
World	True
Sci/Tech	True
Sci/Tech	True
Business	True
Sci/Tech	True
Sci/Tech	True
Sci/Tech	True
Sports	True
Sci/Tech	True
Sports	True
Sports	True
Sci/Tech	True
World	True
Business	True
Business	True
World	True
Business	True
Business	True
Business	True
Business	True
Sci/Tech	True
Sci/Tech	True
Sports	True
World	True
World	True
Business	True
Business	True
Sports	True
Sci/Tech	True
Sci/Tech	True
Sports	True
Sports	True
Business	True
World	True
Sci/Tech	True
Business	True
Sci/Tech	True
Sci/Tech	True
Sci/Tech	True
Sci/Tech	True
Sci/Tech	True
Sports	True
Sports	True
Sports	True
World	True
Business	True
Business	True
Sports	True
Business	True
Sci/Tech	True
Sci/Tech	True
World	True
Sci/Tech	True
Sci/Tech	True
World	True
Sci/Tech	True
Business	True
Business	True
World	True
Sci/Tech	True
Sports	True
Sci/Tech	True
World	True
Business	True
Business	True
World	True
Business	True
World	True
Business	True
World	True
Business	True
World	True
World	True
Sci/Tech	True
World	True
Sci/Tech	True
World	True
World	True
Business	True
Business	True
Business	True
Sci/Tech	True
Business	True
World	True
Business	True
World	True
Sports	True
Sports	True
World	True
Sci/Tech	True
World	True
Sports	True
Business	True
Sports	True
Business	True
Business	True
Sci/Tech	True
Sci/Tech	True
Business	True
Sports	True
Sports	True
Business	True
Sci/Tech	True
World	True
Sci/Tech	True
Sci/Tech	True
Business	True
Sports	True
Sci/Tech	True
Business	True
Business	True
Sci/Tech	True
Sports	True
World	True
Sci/Tech	True
Sci/Tech	True
Business	True
Sci/Tech	True
Sci/Tech	True
Business	True
Sports	True
Sports	True
Sci/Tech	True
Sci/Tech	True
Sci/Tech	True
Sci/Tech	True
Sci/Tech	True
Business	True
Sci/Tech	True
World	True
Sports	True
World	True
Sports	True
Sci/Tech	True
Sports	True
Sports	True
Sports	True
World	True
Business	True
World	True
Business	True
Sports	True
World	True
Sports	True
Sports	True
Business	True
Business	True
World	True
Business	True
World	True
Business	True
Sports	True
Business	True
Sports	True
Business	True
World	True
Sports	True
Sci/Tech	True
Business	True
Sci/Tech	True
Business	True
Business	True
Sci/Tech	True
Business	True
Sci/Tech	True
Sports	True
Business	True
Sci/Tech	True
Business	True
Business	True
World	True
Business	True
Sci/Tech	True
Business	True
Sci/Tech	True
World	True
World	True
Business	True
Sports	True
Business	True
Sci/Tech	True
Sports	True
World	True
Sports	True
Business	True
Business	True
Sports	True
Sci/Tech	True
World	True
Sci/Tech	True
Sports	True
World	True
World	True
World	True
Sci/Tech	True
Sports	True
Sci/Tech	True
Sports	True
Sports	True
Business	True
Sports	True
Sci/Tech	True
Sci/Tech	True
Business	True
World	True
Sci/Tech	True
Sports	True
Sci/Tech	True
Sports	True
Sports	True
Business	True
World	True
Sports	True
World	True
World	True
Business	True
Business	True
Sports	True
World	True
Sci/Tech	True
Sci/Tech	True
Sports	True
Sports	True
World	True
Sports	True
Business	True
World	True
World	True
Business	True
Sci/Tech	True
Sports	True
World	True
World	True
World	True
Sports	True
Sci/Tech	True
Sports	True
Sci/Tech	True
Sci/Tech	True
Sci/Tech	True
World	True
Sports	True
Business	True
Business	True
Sci/Tech	True
Business	True
Sports	True
Sports	True
Sci/Tech	True
World	True
Business	True
Sci/Tech	True
Sports	True
World	True
World	True
Sports	True
World	True
World	True
Business	True
Sci/Tech	True
World	True
Sci/Tech	True
Sci/Tech	True
Sports	True
World	True
Business	True
Sports	True
Business	True
Sports	True
Business	True
Sci/Tech	True
Sci/Tech	True
Business	True
Business	True
Sci/Tech	True
Sci/Tech	True
Business	True
World	True
World	True
Sci/Tech	True
Business	True
Sci/Tech	True
Business	True
Sports	True
Business	True
Business	True
World	True
World	True
Business	True
Sports	True
Sports	True
Sports	True
Business	True
Sports	True
Sci/Tech	True
Business	True
Business	True
Business	True
Business	True
Sports	True
World	True
Business	True
Sci/Tech	True
Business	True
Sci/Tech	True
Sports	True
Business	True
Business	True
Sci/Tech	True
World	True
World	True
World	True
Sports	True
Sci/Tech	True
World	True
Sports	True
World	True
Sci/Tech	True
Business	True
Sports	True
Sports	True
World	True
Business	True
Sports	True
World	True
Business	True
World	True
Sports	True
Sports	True
Sports	True
World	True
Business	True
Sports	True
Sci/Tech	True
Sci/Tech	True
World	True
World	True
Sports	True
Sci/Tech	True
Sci/Tech	True
Sports	True
Sports	True
World	True
Business	True
Sci/Tech	True
Sports	True
Sports	True
Sports	True
Sci/Tech	True
Business	True
Sci/Tech	True
Sci/Tech	True
World	True
World	True
World	True
Sports	True
Sci/Tech	True
Business	True
Business	True
World	True
Business	True
Sci/Tech	True
Sci/Tech	True
Sci/Tech	True
Business	True
Sports	True
Sports	True
Sci/Tech	True
World	True
Sports	True
Sci/Tech	True
Business	True
World	True
Business	True
Sports	True
Business	True
Sports	True
World	True
World	True
Business	True
Sports	True
Business	True
Sports	True
World	True
World	True
World	True
World	True
Business	True
Sports	True
Sci/Tech	True
Sports	True
World	True
World	True
Sports	True
Business	True
Sports	True
World	True
Business	True
Business	True
World	True
Sci/Tech	True
Sci/Tech	True
Business	True
Sports	True
World	True
World	True
Business	True
Sports	True
Sci/Tech	True
Sports	True
World	True
World	True
Business	True
Sci/Tech	True
Business	True
Sci/Tech	True
Sci/Tech	True
Sports	True
Sports	True
World	True
Sci/Tech	True
Sports	True
Sports	True
Sports	True
Sci/Tech	True
Business	True
Business	True
World	True
Business	True
Business	True
Business	True
World	True
World	True
Sci/Tech	True
Business	True
World	True
Sci/Tech	True
Business	True
World	True
Business	True
Business	True
Sports	True
Business	True
Business	True
World	True
World	True
World	True
Sports	True
World	True
Sports	True
Business	True
World	True
World	True
Sports	True
Business	True
Sports	True
World	True
Sci/Tech	True
Sci/Tech	True
World	True
World	True
Business	True
Sports	True
Business	True
Sci/Tech	True
Business	True
World	True
Sci/Tech	True
World	True
Sports	True
Business	True
Business	True
Sports	True
Sci/Tech	True
Business	True
World	True
World	True
Sci/Tech	True
Sci/Tech	True
World	True
Sci/Tech	True
Sci/Tech	True
Business	True
Sports	True
Business	True
Sports	True
Business	True
Business	True
World	True
Sports	True
Sports	True
Sports	True
Sci/Tech	True
Sports	True
Business	True
Business	True
Sci/Tech	True
Business	True
Sci/Tech	True
Business	True
World	True
Sci/Tech	True
Sports	True
Sci/Tech	True
World	True
Sports	True
Business	True
Sci/Tech	True
World	True
Business	True
Business	True
Business	True
Sports	True
Sports	True
Sports	True
World	True
Sports	True
World	True
Business	True
Sci/Tech	True
World	True
Business	True
Sports	True
Sci/Tech	True
Business	True
Business	True
Business	True
Sci/Tech	True
Business	True
World	True
Sci/Tech	True
Business	True
World	True
Business	True
World	True
Business	True
Business	True
Sci/Tech	True
Business	True
Business	True
World	True
World	True
Business	True
Business	True
Sci/Tech	True
World	True
Sports	True
Sci/Tech	True
Sci/Tech	True
Sports	True
Business	True
Sports	True
World	True
World	True
Business	True
Business	True
Sports	True
Sports	True
Sports	True
Sci/Tech	True
Business	True
Business	True
World	True
Business	True
Sci/Tech	True
Business	True
Business	True
Business	True
Business	True
Business	True
Sci/Tech	True
Sports	True
Sci/Tech	True
Sports	True
Sci/Tech	True
Sports	True
Sports	True
World	True
Sci/Tech	True
Sci/Tech	True
Sports	True
Business	True
Sports	True
Sports	True
World	True
Sci/Tech	True
Business	True
Sci/Tech	True
World	True
World	True
Business	True
Sports	True
World	True
World	True
Sports	True
World	True
Sci/Tech	True
Sports	True
World	True
Sci/Tech	True
World	True
World	True
World	True
Business	True
Sports	True
Sci/Tech	True
Sports	True
Sports	True
Business	True
Sports	True
Sports	True
Business	True
World	True
Sci/Tech	True
World	True
Sports	True
Sports	True
Sci/Tech	True
Sci/Tech	True
Sci/Tech	True
Sports	True
Sports	True
Sci/Tech	True
World	True
Sci/Tech	True
World	True
Sports	True
World	True
Sci/Tech	True
Sports	True
Sports	True
World	True
Sci/Tech	True
Sci/Tech	True
Business	True
World	True
Sci/Tech	True
World	True
Business	True
Business	True
World	True
World	True
Business	True
Business	True
Sci/Tech	True
Sports	True
World	True
Sports	True
World	True
Business	True
World	True
Sports	True
Sports	True
Business	True
Sci/Tech	True
Business	True
Business	True
Sci/Tech	True
Sci/Tech	True
Sci/Tech	True
Business	True
Sports	True
World	True
World	True
Sci/Tech	True
Sports	True
Business	True
Business	True
Business	True
Sports	True
Sports	True
Sci/Tech	True
Sports	True
Business	True
Sports	True
Sci/Tech	True
Business	True
Sports	True
Sports	True
Business	True
Business	True
Sports	True
Business	True
Sports	True
World	True
Sports	True
World	True
Business	True
Sci/Tech	True
Sci/Tech	True
World	True
Business	True
Sports	True
Sci/Tech	True
Business	True
Sports	True
Sci/Tech	True
Sports	True
World	True
Business	True
Business	True
Business	True
World	True
Sci/Tech	True
Sports	True
World	True
Sports	True
Sci/Tech	True
Sci/Tech	True
Business	True
World	True
World	True
World	True
Sci/Tech	True
Business	True
Sci/Tech	True
Business	True
Sports	True
Sports	True
Sports	True
World	True
Business	True
World	True
World	True
World	True
Sci/Tech	True
Sports	True
Sports	True
World	True
Business	True
World	True
Sci/Tech	True
World	True
World	True
World	True
Sci/Tech	True
Sci/Tech	True
Sci/Tech	True
World	True
Sports	True
World	True
Sports	True
Sports	True
World	True
Sci/Tech	True
Business	True
World	True
Business	True
World	True
Business	True
World	True
Sports	True
Sci/Tech	True
Business	True
World	True
Business	True
Sci/Tech	True
Business	True
World	True
World	True
Business	True
World	True
Sports	True
Sci/Tech	True
World	True
Sports	True
Business	True
Business	True
Sci/Tech	True
Sports	True
World	True
Business	True
Business	True
Sci/Tech	True
Sports	True
World	True
World	True
Business	True
Sports	True
Business	True
World	True
Business	True
World	True
Sci/Tech	True
Business	True
Business	True
Sci/Tech	True
Sports	True
World	True
World	True
Business	True
Sci/Tech	True
World	True
World	True
Business	True
Sci/Tech	True
Sports	True
Sci/Tech	True
Sci/Tech	True
Business	True
Business	True
World	True
Business	True
Sci/Tech	True
Sci/Tech	True
Business	True
Sports	True
Sci/Tech	True
World	True
Sports	True
World	True
Sports	True
Sports	True
Sports	True
Sports	True
Sci/Tech	True
Sports	True
World	True
World	True
Sports	True
Sports	True
World	True
Sports	True
Sports	True
Business	True
Sports	True
World	True
Business	True
Sports	True
Sci/Tech	True
World	True
Sports	True
World	True
Sci/Tech	True
Sports	True
Business	True
World	True
World	True
World	True
Business	True
Sci/Tech	True
Sports	True
Sports	True
Sports	True
World	True
World	True
Sci/Tech	True
Sci/Tech	True
World	True
Sports	True
Sports	True
Business	True
Business	True
World	True
Sci/Tech	True
Sci/Tech	True
Sci/Tech	True
Sci/Tech	True
Sci/Tech	True
Sports	True
Sports	True
Sports	True
Sports	True
Sci/Tech	True
Sci/Tech	True
Business	True
Business	True
World	True
Business	True
World	True
Sports	True
Sci/Tech	True
Sci/Tech	True
World	True
World	True
Sci/Tech	True
World	True
Business	True
Sci/Tech	True
World	True
Sports	True
Business	True
Sports	True
World	True
Sci/Tech	True
Sports	True
Business	True
World	True
Business	True
Sports	True
Sports	True
World	True
World	True
World	True
Sports	True
World	True
Sports	True
World	True
Sports	True
World	True
Sci/Tech	True
Sports	True
Business	True
Sci/Tech	True
Sports	True
World	True
Business	True
World	True
World	True
Sports	True
Business	True
Sci/Tech	True
Business	True
Business	True
Sports	True
Business	True
World	True
Business	True
Sports	True
World	True
Business	True
Sci/Tech	True
Sports	True
Sci/Tech	True
Sports	True
Sci/Tech	True
Business	True
Sports	True
Sci/Tech	True
Sports	True
Sci/Tech	True
World	True
Sci/Tech	True
Sci/Tech	True
Sports	True
Sci/Tech	True
Sci/Tech	True
World	True
World	True
Sci/Tech	True
Sports	True
Sports	True
World	True
Sci/Tech	True
Sports	True
Sci/Tech	True
Sci/Tech	True
Sci/Tech	True
World	True
Sports	True
Sports	True
Sci/Tech	True
World	True
Business	True
Sports	True
Sports	True
World	True
Business	True
Sports	True
Sci/Tech	True
World	True
Sports	True
Sci/Tech	True
Sports	True
Business	True
Sci/Tech	True
World	True
Business	True
Business	True
World	True
Sci/Tech	True
Business	True
Sci/Tech	True
World	True
Sports	True
Sci/Tech	True
Sports	True
Business	True
Business	True
Sports	True
Sports	True
Sci/Tech	True
Sports	True
World	True
Sci/Tech	True
World	True
World	True
World	True
Sci/Tech	True
Business	True
Sports	True
Sports	True
Business	True
Sci/Tech	True
Sports	True
Business	True
Sci/Tech	True
Sports	True
World	True
Sports	True
Sports	True
Business	True
Sports	True
Sci/Tech	True
World	True
Sci/Tech	True
Sports	True
World	True
World	True
Sports	True
Business	True
Sports	True
World	True
Sci/Tech	True
Business	True
Sports	True
Business	True
Sci/Tech	True
Business	True
Business	True
Sports	True
World	True
Sci/Tech	True
Business	True
Sci/Tech	True
Business	True
Sports	True
Sports	True
Sci/Tech	True
Sci/Tech	True
Sports	True
World	True
Sports	True
Sports	True
Business	True
World	True
World	True
Sci/Tech	True
Sci/Tech	True
World	True
World	True
Sci/Tech	True
Sports	True
Sports	True
Sci/Tech	True
Sci/Tech	True
Sci/Tech	True
Business	True
Sci/Tech	True
World	True
World	True
World	True
Business	True
Sports	True
Sci/Tech	True
Sci/Tech	True
Sci/Tech	True
Business	True
Sports	True
Business	True
Business	True
Business	True
Business	True
Business	True
World	True
Sports	True
Sports	True
Sci/Tech	True
Sports	True
Business	True
World	True
World	True
World	True
Sports	True
World	True
Sci/Tech	True
Business	True
Business	True
Sci/Tech	True
Sports	True
Sports	True
World	True
World	True
Sports	True
Sci/Tech	True
Business	True
Sci/Tech	True
Business	True
Business	True
Sports	True
World	True
Sports	True
Sports	True
Business	True
World	True
World	True
Business	True
Sci/Tech	True
Sci/Tech	True
Sports	True
Sci/Tech	True
Business	True
World	True
Sports	True
Business	True
World	True
World	True
Sports	True
Sci/Tech	True
Sci/Tech	True
World	True
Business	True
Sports	True
Sci/Tech	True
World	True
Sci/Tech	True
Business	True
World	True
World	True
Business	True
Sci/Tech	True
Business	True
World	True
Sports	True
World	True
Sci/Tech	True
Sci/Tech	True
Business	True
Business	True
Sports	True
Sci/Tech	True
Business	True
World	True
Business	True
World	True
Business	True
Sports	True
Business	True
World	True
World	True
Sports	True
World	True
Sci/Tech	True
Sci/Tech	True
World	True
Business	True
Sports	True
World	True
Sports	True
Sports	True
Sci/Tech	True
World	True
Sci/Tech	True
World	True
World	True
Business	True
Sci/Tech	True
Sci/Tech	True
World	True
Sci/Tech	True
World	True
Sports	True
World	True
World	True
Sci/Tech	True
World	True
Business	True
Sports	True
Sports	True
Sci/Tech	True
Business	True
Business	True
Business	True
Sports	True
World	True
Business	True
Sports	True
World	True
Business	True
Sci/Tech	True
World	True
Sports	True
Sports	True
World	True
Business	True
Sports	True
Sci/Tech	True
World	True
Sports	True
Sci/Tech	True
World	True
World	True
Business	True
World	True
Sci/Tech	True
Sci/Tech	True
Sci/Tech	True
Sports	True
World	True
Sci/Tech	True
Business	True
World	True
Sci/Tech	True
World	True
Business	True
Sci/Tech	True
World	True
Business	True
Business	True
World	True
Business	True
Business	True
Business	True
Business	True
Sports	True
World	True
Sci/Tech	True
Sports	True
World	True
Sports	True
Business	True
Sports	True
Sci/Tech	True
Business	True
Business	True
Business	True
World	True
Business	True
Sports	True
Sci/Tech	True
Sports	True
Sports	True
Business	True
World	True
World	True
Business	True
Sports	True
World	True
Business	True
Sports	True
Sports	True
Business	True
Business	True
Sports	True
Business	True
Sci/Tech	True
Sports	True
Sci/Tech	True
World	True
Sci/Tech	True
World	True
Sports	True
Sports	True
Sci/Tech	True
Business	True
World	True
Sports	True
World	True
Business	True
Sci/Tech	True
World	True
Business	True
World	True
Sports	True
World	True
World	True
Sports	True
Business	True
World	True
Business	True
World	True
Sports	True
Sports	True
Business	True
Sports	True
Sci/Tech	True
Sci/Tech	True
World	True
Sci/Tech	True
Business	True
Sci/Tech	True
Sci/Tech	True
Sports	True
Business	True
World	True
World	True
Sports	True
World	True
Business	True
Sci/Tech	True
World	True
Sci/Tech	True
Sports	True
World	True
Sports	True
Sci/Tech	True
Sports	True
Sports	True
Business	True
World	True
Sports	True
World	True
Sports	True
Sci/Tech	True
Business	True
Sci/Tech	True
World	True
World	True
Sci/Tech	True
Business	True
World	True
Sci/Tech	True
Sports	True
Business	True
Sci/Tech	True
World	True
Sports	True
Sports	True
Business	True
World	True
Sports	True
Sci/Tech	True
Sci/Tech	True
Sports	True
Sci/Tech	True
Sports	True
World	True
Sports	True
World	True
World	True
Business	True
Sci/Tech	True
World	True
Sci/Tech	True
World	True
Business	True
Business	True
Sci/Tech	True
World	True
Sci/Tech	True
Business	True
Sports	True
World	True
Business	True
Sci/Tech	True
Sci/Tech	True
Sci/Tech	True
Business	True
Sports	True
Sports	True
Sci/Tech	True
Sports	True
Sports	True
Sports	True
World	True
World	True
Business	True
World	True
Sci/Tech	True
World	True
Sports	True
Business	True
Business	True
World	True
Business	True
Business	True
World	True
Business	True
Business	True
World	True
Sci/Tech	True
World	True
World	True
Business	True
Sports	True
Business	True
Sports	True
Sci/Tech	True
Sports	True
World	True
Business	True
Sports	True
World	True
Sports	True
Business	True
Sports	True
Sci/Tech	True
Sci/Tech	True
Sci/Tech	True
World	True
Sports	True
Sports	True
Sports	True
World	True
Sci/Tech	True
Sci/Tech	True
Business	True
Sports	True
Sci/Tech	True
Business	True
Sci/Tech	True
World	True
Business	True
Business	True
Sports	True
World	True
World	True
World	True
Sports	True
Business	True
Sports	True
Sci/Tech	True
World	True
Business	True
World	True
Sports	True
Sci/Tech	True
Business	True
Sports	True
Business	True
World	True
World	True
Sci/Tech	True
World	True
World	True
Sports	True
Sports	True
Sci/Tech	True
Sports	True
Business	True
Sci/Tech	True
World	True
Sci/Tech	True
Sci/Tech	True
World	True
Business	True
Sci/Tech	True
Business	True
World	True
World	True
Sports	True
Sci/Tech	True
Sports	True
Sports	True
Business	True
Sci/Tech	True
Sports	True
Business	True
Sports	True
World	True
Sports	True
World	True
Sports	True
Sci/Tech	True
Sports	True
World	True
Business	True
Sci/Tech	True
Business	True
World	True
Sci/Tech	True
Sci/Tech	True
Business	True
Sci/Tech	True
World	True
Business	True
Sports	True
Sports	True
Sci/Tech	True
Business	True
Business	True
Business	True
Business	True
World	True
Sci/Tech	True
World	True
World	True
Sports	True
Sci/Tech	True
Sci/Tech	True
Business	True
Business	True
Sci/Tech	True
World	True
World	True
Sci/Tech	True
Business	True
Sci/Tech	True
World	True
Sci/Tech	True
Sci/Tech	True
World	True
Sports	True
Sports	True
Sci/Tech	True
Business	True
Sports	True
Sports	True
Business	True
World	True
World	True
Business	True
Sports	True
Sci/Tech	True
Sports	True
Sports	True
Business	True
Business	True
Sports	True
Sci/Tech	True
Sports	True
Sports	True
Sci/Tech	True
Sports	True
Sci/Tech	True
Business	True
Sports	True
Sports	True
World	True
Sci/Tech	True
Sci/Tech	True
World	True
Sci/Tech	True
Sports	True
Business	True
Sports	True
Business	True
Sci/Tech	True
World	True
World	True
Business	True
Sci/Tech	True
Sci/Tech	True
Business	True
Business	True
World	True
World	True
World	True
Sports	True
Sci/Tech	True
Business	True
Sports	True
Sports	True
Sports	True
Business	True
World	True
World	True
Business	True
World	True
Sci/Tech	True
World	True
Business	True
Business	True
Business	True
Business	True
World	True
Sports	True
Business	True
Sci/Tech	True
Business	True
Sci/Tech	True
Business	True
Sci/Tech	True
Sports	True
Sci/Tech	True
Sports	True
World	True
Sci/Tech	True
Business	True
Business	True
World	True
Business	True
World	True
Business	True
Business	True
Sci/Tech	True
Sports	True
Sports	True
Sports	True
Business	True
World	True
World	True
Business	True
World	True
Sports	True
Sci/Tech	True
Sports	True
Business	True
Sports	True
Sports	True
Business	True
Sci/Tech	True
Sports	True
World	True
Sports	True
World	True
Sports	True
Sci/Tech	True
Sci/Tech	True
Sports	True
Sci/Tech	True
World	True
Business	True
Sci/Tech	True
Sports	True
Business	True
Sports	True
World	True
Business	True
Business	True
Business	True
Business	True
Sci/Tech	True
World	True
Business	True
World	True
Business	True
World	True
Sports	True
World	True
World	True
Sports	True
World	True
Business	True
Sports	True
World	True
Sci/Tech	True
World	True
Sci/Tech	True
World	True
Sci/Tech	True
World	True
Sci/Tech	True
World	True
Sci/Tech	True
Sports	True
Sci/Tech	True
Sci/Tech	True
Business	True
Sports	True
World	True
World	True
Business	True
Sci/Tech	True
Sci/Tech	True
Sports	True
Sci/Tech	True
Business	True
World	True
Sports	True
World	True
Sci/Tech	True
Sci/Tech	True
Sports	True
Sports	True
Sports	True
World	True
World	True
World	True
Sports	True
Sports	True
World	True
Sci/Tech	True
Business	True
Business	True
World	True
World	True
Business	True
Sports	True
World	True
Sci/Tech	True
Business	True
Sci/Tech	True
Sci/Tech	True
Sports	True
Sports	True
Sci/Tech	True
Sci/Tech	True
Sci/Tech	True
World	True
Sci/Tech	True
Sci/Tech	True
Sci/Tech	True
World	True
Sports	True
Sci/Tech	True
World	True
Business	True
World	True
World	True
Sports	True
World	True
Sci/Tech	True
World	True
Sports	True
World	True
Business	True
World	True
Business	True
Sci/Tech	True
World	True
Sci/Tech	True
Sci/Tech	True
Sci/Tech	True
World	True
Sci/Tech	True
Business	True
World	True
Business	True
Business	True
Business	True
World	True
Sports	True
World	True
Sports	True
Sports	True
Sports	True
World	True
Sci/Tech	True
Sports	True
Sci/Tech	True
Business	True
Business	True
Business	True
Sports	True
Business	True
World	True
World	True
Business	True
Sports	True
Sports	True
Business	True
Sports	True
Sci/Tech	True
Business	True
Sci/Tech	True
World	True
Sci/Tech	True
Sci/Tech	True
Sci/Tech	True
World	True
World	True
Business	True
Business	True
World	True
Business	True
Business	True
Sports	True
World	True
Business	True
Sports	True
Sci/Tech	True
World	True
Sports	True
World	True
Sci/Tech	True
Sports	True
Sci/Tech	True
Sports	True
Business	True
Sports	True
Sports	True
Sports	True
World	True
Business	True
Sci/Tech	True
World	True
Business	True
Sci/Tech	True
Sci/Tech	True
Sports	True
Sports	True
Sports	True
Business	True
Sci/Tech	True
World	True
World	True
Sci/Tech	True
Business	True
Sports	True
Sci/Tech	True
Sports	True
Sports	True
Sci/Tech	True
Sports	True
Business	True
Sports	True
Business	True
Business	True
Sci/Tech	True
Sci/Tech	True
World	True
Business	True
Sci/Tech	True
Business	True
World	True
Sports	True
World	True
Business	True
World	True
World	True
Sports	True
Sci/Tech	True
World	True
Business	True
Sci/Tech	True
Sci/Tech	True
Business	True
Sports	True
World	True
Sci/Tech	True
Sports	True
Sports	True
World	True
Sci/Tech	True
Sports	True
Sci/Tech	True
Sci/Tech	True
Sports	True
Sci/Tech	True
World	True
Sci/Tech	True
Business	True
Sci/Tech	True
Sports	True
Sci/Tech	True
Sci/Tech	True
Sci/Tech	True
Business	True
Sci/Tech	True
Sci/Tech	True
Business	True
World	True
Business	True
Sci/Tech	True
World	True
World	True
Sports	True
World	True
Sports	True
Sci/Tech	True
Business	True
Sports	True
Sports	True
World	True
Business	True
Business	True
Business	True
Sports	True
Sci/Tech	True
World	True
Business	True
Business	True
World	True
World	True
Sci/Tech	True
Business	True
Sci/Tech	True
World	True
Sci/Tech	True
Business	True
Sci/Tech	True
Sci/Tech	True
Business	True
World	True
Business	True
World	True
Sports	True
Sci/Tech	True
Business	True
Sports	True
World	True
Sports	True
Sports	True
Business	True
Sci/Tech	True
World	True
World	True
Sci/Tech	True
Sports	True
Sports	True
Sports	True
Sports	True
Business	True
Business	True
Sci/Tech	True
World	True
Sci/Tech	True
World	True
Sci/Tech	True
Business	True
Sci/Tech	True
Business	True
World	True
World	True
Sci/Tech	True
Sci/Tech	True
World	True
Business	True
Business	True
Sports	True
Business	True
World	True
Sports	True
World	True
Business	True
Sports	True
Sci/Tech	True
Sports	True
Sports	True
World	True
Sci/Tech	True
Business	True
Sci/Tech	True
Sports	True
Sci/Tech	True
Sci/Tech	True
Sports	True
Sports	True
Sports	True
World	True
Sci/Tech	True
Business	True
Sports	True
Sci/Tech	True
Business	True
Business	True
World	True
World	True
Sports	True
Sports	True
Sports	True
Sci/Tech	True
Sci/Tech	True
Sports	True
Sports	True
World	True
World	True
Business	True
Business	True
World	True
Business	True
Business	True
World	True
Business	True
Sci/Tech	True
Business	True
Sports	True
Business	True
Sports	True
Sci/Tech	True
Sci/Tech	True
Business	True
Sports	True
Sports	True
Business	True
Business	True
World	True
Sports	True
World	True
Business	True
Sports	True
Business	True
Sci/Tech	True
Business	True
World	True
World	True
Business	True
World	True
Sci/Tech	True
Sci/Tech	True
Sci/Tech	True
Sci/Tech	True
Sci/Tech	True
Sci/Tech	True
Sci/Tech	True
Sports	True
Sports	True
Business	True
Sports	True
Sports	True
Sci/Tech	True
Sports	True
Sports	True
Sci/Tech	True
Sports	True
World	True
Business	True
Sports	True
Business	True
World	True
Business	True
Business	True
World	True
Sports	True
Business	True
Sci/Tech	True
Sci/Tech	True
Business	True
Sports	True
Sci/Tech	True
Sci/Tech	True
Sports	True
Sports	True
Business	True
Sci/Tech	True
Sports	True
Business	True
Sci/Tech	True
World	True
World	True
Sci/Tech	True
Sports	True
Business	True
Sci/Tech	True
World	True
Business	True
World	True
World	True
Sports	True
World	True
Sports	True
World	True
Business	True
World	True
World	True
Sports	True
Business	True
Sports	True
Sci/Tech	True
Sports	True
Sports	True
Sports	True
Business	True
World	True
Sports	True
Sci/Tech	True
World	True
Sci/Tech	True
Sci/Tech	True
Sci/Tech	True
Business	True
Sci/Tech	True
Sci/Tech	True
Sports	True
Business	True
Business	True
Sports	True
Sci/Tech	True
Sci/Tech	True
World	True
Sports	True
World	True
Business	True
Sci/Tech	True
Business	True
World	True
Sci/Tech	True
Sports	True
Business	True
World	True
World	True
World	True
Business	True
Sci/Tech	True
Business	True
World	True
Business	True
Sci/Tech	True
Business	True
Business	True
Sports	True
Sci/Tech	True
Sci/Tech	True
Sci/Tech	True
Business	True
World	True
Business	True
Sports	True
Business	True
World	True
Sci/Tech	True
World	True
World	True
Business	True
World	True
Sci/Tech	True
World	True
Business	True
Sci/Tech	True
Business	True
Sports	True
Business	True
Business	True
Sports	True
Sci/Tech	True
Sports	True
World	True
World	True
Sci/Tech	True
Sports	True
Sci/Tech	True
Sports	True
Business	True
World	True
Business	True
Sci/Tech	True
Business	True
Sci/Tech	True
World	True
Business	True
Sports	True
Sci/Tech	True
Business	True
Sci/Tech	True
Sci/Tech	True
Business	True
World	True
World	True
World	True
Sci/Tech	True
Sports	True
Business	True
Sci/Tech	True
Sci/Tech	True
World	True
Sci/Tech	True
Business	True
World	True
World	True
World	True
Business	True
Sci/Tech	True
Business	True
World	True
Sci/Tech	True
Sports	True
Sports	True
Sci/Tech	True
Business	True
World	True
Business	True
Sci/Tech	True
Business	True
Sports	True
World	True
Sci/Tech	True
Sci/Tech	True
Sci/Tech	True
World	True
Sci/Tech	True
Business	True
Business	True
Business	True
Sports	True
Business	True
Sci/Tech	True
Sports	True
Business	True
World	True
Business	True
Sci/Tech	True
Sports	True
Sports	True
Sports	True
World	True
Sci/Tech	True
Sci/Tech	True
Sci/Tech	True
Sports	True
Sports	True
World	True
Business	True
Sports	True
Business	True
Business	True
Sci/Tech	True
Business	True
World	True
World	True
Sci/Tech	True
Sci/Tech	True
Business	True
World	True
Sports	True
Business	True
World	True
World	True
World	True
Sports	True
World	True
Sports	True
Sports	True
Business	True
Sports	True
Business	True
Sci/Tech	True
World	True
Business	True
Sports	True
Business	True
Sci/Tech	True
Sports	True
World	True
World	True
Sports	True
World	True
Sci/Tech	True
Business	True
Business	True
Sports	True
World	True
Sports	True
World	True
Sports	True
Sci/Tech	True
World	True
Sports	True
Sports	True
Business	True
Business	True
Sci/Tech	True
Sci/Tech	True
Business	True
World	True
Sci/Tech	True
Business	True
World	True
Sports	True
Sports	True
Business	True
Sci/Tech	True
Sci/Tech	True
World	True
Business	True
Sports	True
Sports	True
World	True
Business	True
Sports	True
Sports	True
Business	True
Business	True
World	True
Business	True
World	True
Sci/Tech	True
Sci/Tech	True
Sci/Tech	True
Sci/Tech	True
World	True
Sci/Tech	True
Sci/Tech	True
Sports	True
World	True
Sci/Tech	True
Sports	True
Sports	True
World	True
Business	True
Business	True
Sports	True
World	True
Sports	True
World	True
Sports	True
Sci/Tech	True
World	True
World	True
Sci/Tech	True
Sports	True
Business	True
World	True
Sports	True
Sci/Tech	True
World	True
Sci/Tech	True
Sci/Tech	True
World	True
Sports	True
Sci/Tech	True
Sports	True
Sports	True
Sci/Tech	True
Sports	True
Sports	True
Sci/Tech	True
Sports	True
Sports	True
World	True
World	True
World	True
Sci/Tech	True
Sports	True
Business	True
World	True
World	True
Sci/Tech	True
Business	True
Sci/Tech	True
Business	True
Sci/Tech	True
Sci/Tech	True
Business	True
Sports	True
Business	True
Sci/Tech	True
World	True
Sports	True
Sports	True
Sports	True
Business	True
World	True
Business	True
Sci/Tech	True
Sci/Tech	True
Business	True
World	True
World	True
World	True
Sci/Tech	True
Business	True
Business	True
Business	True
Sci/Tech	True
World	True
World	True
Sci/Tech	True
Sports	True
Sci/Tech	True
Business	True
World	True
World	True
Sports	True
Sports	True
Sports	True
Sports	True
Sports	True
Sports	True
World	True
Business	True
Business	True
Sports	True
Sci/Tech	True
Sci/Tech	True
Sports	True
Sports	True
Business	True
Business	True
Sci/Tech	True
Business	True
Sci/Tech	True
Sci/Tech	True
Business	True
World	True
World	True
Business	True
World	True
Sci/Tech	True
Sports	True
Business	True
Sci/Tech	True
Sports	True
Business	True
Business	True
World	True
Sci/Tech	True
Sci/Tech	True
Sports	True
Sci/Tech	True
Sports	True
World	True
World	True
Sci/Tech	True
Business	True
World	True
Sports	True
Business	True
World	True
Sci/Tech	True
Business	True
Sci/Tech	True
Business	True
Sci/Tech	True
Business	True
World	True
Sports	True
Sports	True
Sci/Tech	True
Sports	True
Business	True
Sports	True
Sci/Tech	True
Business	True
Sci/Tech	True
Business	True
World	True
Business	True
Sci/Tech	True
Business	True
Business	True
Sports	True
Sports	True
Business	True
Sci/Tech	True
World	True
Business	True
Business	True
Sci/Tech	True
Sports	True
Business	True
Business	True
World	True
Business	True
Sci/Tech	True
Business	True
Sci/Tech	True
Business	True
Sci/Tech	True
Business	True
Sports	True
Business	True
Sci/Tech	True
World	True
Sci/Tech	True
Sci/Tech	True
Sports	True
Business	True
Business	True
Business	True
Business	True
World	True
World	True
World	True
Business	True
Business	True
Sci/Tech	True
Business	True
World	True
Business	True
Business	True
World	True
Sports	True
Sports	True
Sci/Tech	True
Business	True
Business	True
Sports	True
Sci/Tech	True
Sports	True
Sports	True
World	True
World	True
Business	True
Business	True
Sci/Tech	True
Business	True
World	True
World	True
Business	True
Sports	True
Sports	True
Business	True
Business	True
World	True
World	True
World	True
Sports	True
Business	True
Sports	True
World	True
Sports	True
Sports	True
Business	True
World	True
Sports	True
Sci/Tech	True
World	True
Business	True
World	True
Sports	True
World	True
Sports	True
Business	True
Business	True
Sci/Tech	True
Sports	True
Sports	True
World	True
Sports	True
Sci/Tech	True
Sports	True
Sports	True
Sci/Tech	True
Sports	True
Sports	True
Sci/Tech	True
Sci/Tech	True
Sports	True
Sports	True
Business	True
World	True
World	True
World	True
Sports	True
Business	True
Sci/Tech	True
Business	True
Sports	True
World	True
Sports	True
Sports	True
Sports	True
Business	True
Sci/Tech	True
Sports	True
Sci/Tech	True
World	True
World	True
Sci/Tech	True
Sci/Tech	True
World	True
Sports	True
Business	True
Sports	True
Business	True
Business	True
World	True
Sci/Tech	True
Sports	True
Sports	True
Business	True
Sports	True
Sports	True
Sci/Tech	True
Sports	True
World	True
Sci/Tech	True
Business	True
Sports	True
Sports	True
Business	True
Sports	True
Sports	True
Sports	True
Sci/Tech	True
World	True
Sports	True
Sports	True
Sports	True
World	True
World	True
Business	True
World	True
World	True
Sports	True
Sports	True
World	True
Sci/Tech	True
World	True
Sports	True
Business	True
Sci/Tech	True
Sports	True
Sports	True
Sci/Tech	True
Sports	True
Sports	True
Sci/Tech	True
Sci/Tech	True
Business	True
Sci/Tech	True
Sports	True
Sci/Tech	True
Business	True
Business	True
Business	True
Business	True
Sports	True
Sports	True
World	True
Sports	True
Business	True
Sci/Tech	True
Business	True
World	True
Business	True
World	True
Business	True
Business	True
Sports	True
World	True
Sports	True
Sports	True
World	True
Sports	True
Sports	True
World	True
Sci/Tech	True
Sci/Tech	True
Sci/Tech	True
Sports	True
Sports	True
Sci/Tech	True
Business	True
World	True
Sports	True
World	True
Business	True
World	True
Sports	True
World	True
World	True
Sports	True
World	True
Business	True
Business	True
Sci/Tech	True
Sports	True
World	True
Business	True
Sports	True
World	True
Sci/Tech	True
Sci/Tech	True
World	True
Sports	True
Sci/Tech	True
Business	True
Business	True
World	True
Sports	True
Sci/Tech	True
Sports	True
Sports	True
World	True
Sports	True
World	True
Business	True
Sports	True
Business	True
Business	True
Business	True
Sports	True
Business	True
Sports	True
Sports	True
Sports	True
Sports	True
Business	True
Business	True
Sports	True
Sports	True
Sci/Tech	True
Sports	True
Sci/Tech	True
World	True
Sports	True
Business	True
World	True
Business	True
Sci/Tech	True
Sci/Tech	True
Sci/Tech	True
Sports	True
World	True
Business	True
World	True
Sports	True
World	True
Sci/Tech	True
Sci/Tech	True
Business	True
Sports	True
Business	True
Sports	True
World	True
World	True
World	True
Sports	True
Business	True
Business	True
Sci/Tech	True
World	True
Sports	True
World	True
World	True
World	True
Business	True
Business	True
Sports	True
World	True
World	True
Sports	True
Sci/Tech	True
Business	True
Sci/Tech	True
Sports	True
World	True
Sports	True
World	True
World	True
Sports	True
Sci/Tech	True
Business	True
Business	True
World	True
Business	True
Sci/Tech	True
World	True
Sci/Tech	True
World	True
Sci/Tech	True
World	True
Sports	True
Business	True
Sports	True
Sports	True
Business	True
World	True
Business	True
World	True
World	True
Sports	True
World	True
Sports	True
Sci/Tech	True
Sports	True
Sports	True
World	True
Sports	True
World	True
Sci/Tech	True
Sports	True
Business	True
World	True
World	True
World	True
Sci/Tech	True
Sports	True
Sci/Tech	True
Sports	True
Sci/Tech	True
Sports	True
Sci/Tech	True
Sports	True
Sci/Tech	True
World	True
World	True
Business	True
Sports	True
World	True
Sci/Tech	True
Sports	True
Business	True
Business	True
Business	True
Business	True
World	True
Sports	True
Business	True
World	True
Sci/Tech	True
Sci/Tech	True
World	True
Business	True
Business	True
Business	True
Business	True
Sci/Tech	True
World	True
World	True
Sci/Tech	True
Business	True
Business	True
World	True
Sports	True
Sci/Tech	True
Sci/Tech	True
Sports	True
Sports	True
Business	True
Business	True
Sci/Tech	True
Sports	True
World	True
World	True
World	True
World	True
Sci/Tech	True
World	True
Business	True
Sci/Tech	True
World	True
World	True
Sports	True
World	True
Sports	True
Sports	True
Sci/Tech	True
World	True
World	True
Business	True
Sci/Tech	True
Sci/Tech	True
Sports	True
Sports	True
Business	True
Sports	True
Sci/Tech	True
Sci/Tech	True
Business	True
Business	True
World	True
World	True
World	True
World	True
Sci/Tech	True
Sports	True
Sci/Tech	True
Sports	True
World	True
Sci/Tech	True
Sci/Tech	True
Sci/Tech	True
Sci/Tech	True
Sports	True
Business	True
World	True
Sci/Tech	True
World	True
World	True
Business	True
Business	True
Sports	True
Sports	True
World	True
Business	True
World	True
Sports	True
Sports	True
Business	True
Business	True
Business	True
Business	True
Business	True
Sports	True
Sports	True
Sci/Tech	True
Sports	True
World	True
World	True
Sci/Tech	True
Sports	True
Sports	True
World	True
Sci/Tech	True
Sci/Tech	True
Sci/Tech	True
Business	True
World	True
Business	True
World	True
World	True
Sci/Tech	True
World	True
Business	True
World	True
Sci/Tech	True
Sports	True
Sports	True
Sci/Tech	True
Business	True
Business	True
World	True
Sports	True
Sports	True
Business	True
Business	True
Sci/Tech	True
Sci/Tech	True
Sports	True
Sci/Tech	True
Sci/Tech	True
